Id,User,Text
0,stathismt,RT @2008So: Περιμένω να δω πότε θα έρθει ο Κικίλιας στη Θεσσαλονίκη να ανακοινώσει ότι θα μας ασβεστώσουνε #καραντινα
1,Guardofmind1,#καραντινα #lockdown2gr #lockdowngr #κυβερνηση_τσιρκο #ΝΔ_ξεφτιλες #ΝΔ_θελατε https://t.co/EYhTE2pnXY
2,mikros_prigkipa,RT @2008So: Περιμένω να δω πότε θα έρθει ο Κικίλιας στη Θεσσαλονίκη να ανακοινώσει ότι θα μας ασβεστώσουνε #καραντινα
3,TsiribimT,RT @Melitini1: Βάση του νομοσχεδιου του Υπ.Περιβάλλοντος 6πλασιάζονται τα ΠΡΟΣΤΙΜΑ για όσους καθυστέρησαν να δηλώσουν στοΚΤΗΜΑΤΟΛΟΓΙΟ τα ακ…
4,el_ges,RT @Melitini1: Βάση του νομοσχεδιου του Υπ.Περιβάλλοντος 6πλασιάζονται τα ΠΡΟΣΤΙΜΑ για όσους καθυστέρησαν να δηλώσουν στοΚΤΗΜΑΤΟΛΟΓΙΟ τα ακ…
5,trooperas,"Ας διαβάσουμε και κάτι διαφορετιό:
Ο 10χρονος σκακιστής που κέρδισε τη Μπεθ Χάρμον του ""The Queen’s Gambit"" |… https://t.co/Kr2251MJDQ"
6,Evoia40,"RT @Evoia40: Το #Lockdown2 είναι εδώ
Στο Αιγαίο φυσούν πολλά μποφόρ
Κλειστά παντζούρια, αναμνήσεις με τα παιδιά γύρω από το τραπέζι...
Τώρα…"
7,sotpap1997,RT @Melitini1: Βάση του νομοσχεδιου του Υπ.Περιβάλλοντος 6πλασιάζονται τα ΠΡΟΣΤΙΜΑ για όσους καθυστέρησαν να δηλώσουν στοΚΤΗΜΑΤΟΛΟΓΙΟ τα ακ…
8,Melitini1,Βάση του νομοσχεδιου του Υπ.Περιβάλλοντος 6πλασιάζονται τα ΠΡΟΣΤΙΜΑ για όσους καθυστέρησαν να δηλώσουν στοΚΤΗΜΑΤΟΛΟ… https://t.co/BbYrapEvUw
9,DimitrisKrantas,RT @karapanagiotidu: Δεν θέλει πολύ να τις... ξαναγεμίσουμε #κορονοιος #Θεσσαλονικη_λεμε #καραντινα #κρούσματα #COVID19 #Covid_19 #coronavi…
10,ViviannaBlair,"Αν είχαν χιούμορ πάντως στα κανάλια, τώρα που δεν έχει δελτία ειδήσεων θα έβαζαν επεισόδια από τους Στάβλους της Ερ… https://t.co/UPns9CslGs"
11,trooperas,"Πρέπει να το διαβάσεις: 
Νικητής βγήκε ο 8χρονος από τη ΜΕΘ του Ρίου και με δώρο σκάφανδρο |… https://t.co/sM1cnatMjQ"
12,ViviannaBlair,"Εν τω μεταξύ, τώρα που το σκέφτομαι, σε αυτό που ζούμε με τις καραντίνες, ταιριάζει απόλυτα αυτό που λένε, ότι «η ι… https://t.co/iGrfIPwT6B"
13,123poulakia,Τώρα που με το follow του @covid19gr πρέπει μα μπω σε #καραντινα ?
14,maked0nikon,"RT @maked0nikon: ΟΛΟΙ οι Μακεδόνες πρέπει να βγούμε στους δρόμους και να τους στείλουμε στον διάολο. Και αυτούς και την #καραντίνα τους!

Θ…"
15,mulina_cz,"RT @Mamoulakis: Σε αυτό το τσουνάμι των αρνητικών εξελίξεων, ο #ΣΥΡΙΖΑ-ΠΣ  βρίσκεται στο πλευρό των πολιτών. Διεκδικούμε τα αυτονόητα, αυτά…"
16,LegibleEvan,"RT @EmOikonomidis: Η αναπόφευκτη «καινούρια ηγεσία», μετά την πανδημία https://t.co/Va4bXdMITe #Ysterografa #Υστερογραφα #κορονοϊός #Εμβολι…"
17,ChocoLata34,RT @O_Kafros: Μόνο εγώ έχω νεύρα δλδ? #καραντινα
18,Madamecocogr,"Πιείτε τον καφέ σας με τα αγαπημένα σας πρόσωπα χρησιμοποιώντας τα πολύ κομψά φλιτζάνια καφέ Balard 4 τεμαχίων, με… https://t.co/MgnMaYFoIk"
19,LatsosGatoulis,RT @O_Kafros: Μόνο εγώ έχω νεύρα δλδ? #καραντινα
20,barbie_chlk,RT @O_Kafros: Μόνο εγώ έχω νεύρα δλδ? #καραντινα
21,O_Kafros,Μόνο εγώ έχω νεύρα δλδ? #καραντινα
22,iredot19,"RT @Mamoulakis: Σε αυτό το τσουνάμι των αρνητικών εξελίξεων, ο #ΣΥΡΙΖΑ-ΠΣ  βρίσκεται στο πλευρό των πολιτών. Διεκδικούμε τα αυτονόητα, αυτά…"
23,ChristinaDim31,"RT @Mamoulakis: Σε αυτό το τσουνάμι των αρνητικών εξελίξεων, ο #ΣΥΡΙΖΑ-ΠΣ  βρίσκεται στο πλευρό των πολιτών. Διεκδικούμε τα αυτονόητα, αυτά…"
24,EmOikonomidis,"Η αναπόφευκτη «καινούρια ηγεσία», μετά την πανδημία https://t.co/Va4bXdMITe #Ysterografa #Υστερογραφα #κορονοϊός… https://t.co/0ZiG0qOYgo"
25,ysterografa,"Η αναπόφευκτη «καινούρια ηγεσία», μετά την πανδημία https://t.co/tvMcz2i003 #Ysterografa #Υστερογραφα #κορονοϊός… https://t.co/fIydihW1Sy"
26,Guardofmind1,#Πανδημια #καραντινα #κυβερνηση_τσιρκο #Βιλα_Τσίπρα https://t.co/KGJGCOfG23
27,tolisv,"εχουν οι δημοσιοκάφροι απεργία και χάνουμε τα κλασσικά για ""απίστευτη κίνηση στους δρόμους παρά την #καραντινα και… https://t.co/Bf5aM3VbCB"
28,italianoVeroGR,"#italianoVeroGR #Ιταλικά 🇮🇹

#Διδασκαλία #Δεκέμβριος #Μελέτη #Διάβασμα #Χριστούγεννα #Πρωτοχρονιά #Βιβλίο… https://t.co/3mk6A5EGgm"
29,Lam_Sevdalis,"RT @Mamoulakis: Σε αυτό το τσουνάμι των αρνητικών εξελίξεων, ο #ΣΥΡΙΖΑ-ΠΣ  βρίσκεται στο πλευρό των πολιτών. Διεκδικούμε τα αυτονόητα, αυτά…"
30,trooperas,"Πρέπει να το διαβάσεις: 
Η Marvel τιμά τους νοσηλευτές με νέο κόμικ | https://t.co/iIJxx4Y1gx | #covid19… https://t.co/ivofJSH8Ia"
31,xTJdm35G2F6rTZl,"RT @Mamoulakis: Σε αυτό το τσουνάμι των αρνητικών εξελίξεων, ο #ΣΥΡΙΖΑ-ΠΣ  βρίσκεται στο πλευρό των πολιτών. Διεκδικούμε τα αυτονόητα, αυτά…"
32,mpempinios17,"RT @Mamoulakis: Σε αυτό το τσουνάμι των αρνητικών εξελίξεων, ο #ΣΥΡΙΖΑ-ΠΣ  βρίσκεται στο πλευρό των πολιτών. Διεκδικούμε τα αυτονόητα, αυτά…"
33,VasilisS14,"RT @Mamoulakis: Σε αυτό το τσουνάμι των αρνητικών εξελίξεων, ο #ΣΥΡΙΖΑ-ΠΣ  βρίσκεται στο πλευρό των πολιτών. Διεκδικούμε τα αυτονόητα, αυτά…"
34,ispring50,"RT @Mamoulakis: Σε αυτό το τσουνάμι των αρνητικών εξελίξεων, ο #ΣΥΡΙΖΑ-ΠΣ  βρίσκεται στο πλευρό των πολιτών. Διεκδικούμε τα αυτονόητα, αυτά…"
35,Mamoulakis,"Σε αυτό το τσουνάμι των αρνητικών εξελίξεων, ο #ΣΥΡΙΖΑ-ΠΣ  βρίσκεται στο πλευρό των πολιτών. Διεκδικούμε τα αυτονόη… https://t.co/Q3OIifNp7I"
36,trooperas,"Ας διαβάσουμε και κάτι διαφορετιό:
Χριστούγεννα: Κάλαντα από κάθε γωνιά της Ελλάδας  | https://t.co/nwbXw1tEYG |… https://t.co/2B9HffZ7ss"
37,GiannesT1,"#Λοκνταουν
#Πανδημια
#Κορωναιος
#Καραντινα
#Πολιτικη
#ΝΔξεφτιλες
#ΝΔ_Χουντα
#ΝΔ_ΑΠΑΤΕΩΝΕΣ
#ΝΔ_αλητες
https://t.co/vXjS3UPP1J"
38,GiannesT1,"#Καραντινα
Κύμα οργής στην Αλβανία μετά τη δολοφονία 25χρονου από αστυνομικό https://t.co/9ytdT2rgcr"
39,GiannesT1,"#Λοκνταουν
#Πολιτικη
#Καραντινα
#ΝΔ_αλητες
Κύμα οργής στην Αλβανία μετά τη δολοφονία 25χρονου από αστυνομικό https://t.co/9ytdT2rgcr"
40,GiannesT1,"#Κορωνοιος
#Καραντινα
#Πολιτικη
#ΝΔ_αλητες
#COVID19
Παράσταση διαμαρτυρίας με αίτημα το άνοιγμα των βιβλιοπωλείων https://t.co/YG6E8xwKn0"
41,GiannesT1,"#καραντινα
Παράσταση διαμαρτυρίας με αίτημα το άνοιγμα των βιβλιοπωλείων https://t.co/YG6E8xf9vs"
42,GiannesT1,"#Πολιτικη
#Κορωνοιος
#Καραντινα
#Λοκνταουν
#lockdown
Γαλλία: προβληματισμός για χαλάρωση ή αυστηροποίηση των μέτρων https://t.co/KxjFHV1c2W"
43,GiannesT1,"#καραντινα
«Εφτά καραντινάτες ιστορίες» - διαδικτυακά από τη Βίλα Ζωγράφου https://t.co/eScGyqhJgK"
44,GiannesT1,"#Καραντινα
«Ετών 15…» https://t.co/hh5uprwqdG"
45,GiannesT1,"#Κορωνοιος
#Καραντινα
Η γεωγραφική κατανομή κρουσμάτων σήμερα https://t.co/RtLwkM2R3B"
46,GiannesT1,"#Καραντινα
«ασίγαστη θε να 'ναι σαν τη γη σου» η φωνή σου https://t.co/tP6tmGqFLA"
47,inikolao,Να κοιμηθούμε και να ξυπνήσουμε σε ενα κόσμο που είναι Ολα οπως πριν.  Σε ενα κόσμο που η αγκαλιά είχε αξία και το… https://t.co/ifI6P6ouXs
48,GiannesT1,"#ΝΔ_ξεφτιλες
#ΝΔ_Χουντα
#ΝΔ_αλητες
#ΝΔ_ΑΠΑΤΕΩΝΕΣ
#ΝΔκαθαρματα
#ΝΔεγκληματιες
#ΝΔδολοφονοι
#καραντινα
#Πολιτικη… https://t.co/ObCNeRpiRM"
49,doctvgr,"Η Missy Merida μας αφιερώνει μια συλλογή σχεδίων και γράφει για τις κρίσεις πανικού
#καραντίνα
https://t.co/THgLSqRX2D"
50,italianoVeroGR,"#italianoVeroGR #Ιταλικά 🇮🇹

#Ιταλία #Ρώμη #Σήμερα #Τώρα #Δεκέμβριος #Πρωτοχρονιά #Ελλάδα #ΑΣΕΠ #Αθήνα #Θεσσαλονίκη… https://t.co/Yb6jvEvFRs"
51,Simon_Chatz,#Κεραμεως #τηλεκπαιδευση #κυβερνηση_αγραμματων #καραντινα https://t.co/1KXxjNv48o
52,GaryBlauman_,"RT @Ypertati_plaka: Ε ε ε έρχεται ....
.
.
.
.
.
#Courier  #AgriesMelisses #Araxni #OLYFCP #καραντινα https://t.co/4LAKY7X3ET"
53,Ypertati_plaka,"Ε ε ε έρχεται ....
.
.
.
.
.
#Courier  #AgriesMelisses #Araxni #OLYFCP #καραντινα https://t.co/4LAKY7X3ET"
54,NIptamenos,#κρουσματα #εμβολιο #καραντινα #μασκα #καραντινα2 #lockdowngr #Lockdown2 https://t.co/ic4uIKNiDr
55,Clavdianosdion,Τα σεξ πάρτυ θεριεύουν στο Βέλγιο! Τι γίνεται βρε παιδιά κάτι ΔΕΝ ΚΑΤΑΛΑΒΑΙΝΟΥΜΕ εδώ στην Ελλάδα με την #καραντίνα και τον #κορονοιο !😅
56,Ioannes_E,Η τελευταία φορά που εκκλησίες σφραγίζονταν από κρατικές δυνάμεις και οι πιστοί συλλαμβάνονταν ως παραβάτες του νόμ… https://t.co/Dynjyo1w1S
57,theveganskunk,ΣΥΝΕΝΤΕΥΞΗ ΜΕ ΤΗΝ VEGAN GECKO - #SKUNKCASTS  #5 https://t.co/oPFTiJCL2t via @YouTube #vegan #podcast #ΕΛΛΑΔΑ… https://t.co/j5XpxErI3S
58,Moonshine427,"""ΠΩΣ ΓΙΝΑΤΕ ΒΙΓΚΑΝ?"" ΣΥΝΕΝΤΕΥΞΗ ΣΤΟΝ ΑΣΒΟ  #SKUNKCASTS  #6 https://t.co/LdPPDuMnKw μέσω @YouTube #vegan #βίγκαν… https://t.co/a2SO7BYmjF"
59,theveganskunk,"""ΠΩΣ ΓΙΝΑΤΕ ΒΙΓΚΑΝ?"" ΣΥΝΕΝΤΕΥΞΗ ΣΤΟΝ ΑΣΒΟ  #SKUNKCASTS  #6 https://t.co/OXU5gLwtUU μέσω @YouTube #vegan #βίγκαν… https://t.co/tNopypGof7"
60,ThePresidentGr,Βάδη-Βυρτεμβέργη: Οι αδιάλλακτοι αντιρρησίες καραντίνας θα εισάγονται υποχρεωτικά στα νοσοκομεία #Βάδη-Βυρτεμβέργη… https://t.co/curi3BrqJS
61,trooperas,"Μάλιστα...:
Ιταλία: Φωταγωγήθηκε το μεγαλύτερο χριστουγεννιάτικο δέντρο στον κόσμο | https://t.co/WrOxfDW5fA |… https://t.co/3bYNW4njqN"
62,KingFotizCheir,"Ανοίξτε την καραντίνα, το σύστημα υγείας μπορεί να αντέξει, των courier οχι! #καραντίνα #κορονοϊος #κρουσματα #lockdown2gr"
63,purpletiana80,https://t.co/JdTtoT8j4V awesome ✨👍 #καλαντα #καραντίνα λολ 😜😅🎶🥳✋✋✋🎄☃️
64,fiat4x4_gr,"Όσοι δεν είναι επιδοτούμενοι, ούτε μακροχρόνια #άνεργοι και είναι θύματα του 1ου #lockdowngr (απολυθήκαν μόλις έληξ… https://t.co/bkGtn28eC5"
65,miumiu_dim,RT @skaigr: Άγιον Όρος: Σε καραντίνα έξι Μονές – Νεκρός ένας μοναχός από κορωνοϊό  #Ελλάδα #Άγιον_Όρος #μονές #καραντίνα #κρούσματα #κορωνο…
66,qS5EU1IDmUt2bPb,RT @skaigr: Άγιον Όρος: Σε καραντίνα έξι Μονές – Νεκρός ένας μοναχός από κορωνοϊό  #Ελλάδα #Άγιον_Όρος #μονές #καραντίνα #κρούσματα #κορωνο…
67,skaigr,Άγιον Όρος: Σε καραντίνα έξι Μονές – Νεκρός ένας μοναχός από κορωνοϊό  #Ελλάδα #Άγιον_Όρος #μονές #καραντίνα… https://t.co/XBYJ4659bV
68,yw30ffTI7fjyupB,"RT @NikopoulosBabis: Η @DEI_GR ακολουθεί παράνομη τακτική συμψηφισμού οικιακών κ επαγγελματικών οφειλών καταναλωτών, (ακόμα κ για τελικούς…"
69,Toughbutfair2,Ο Μητσοτάκης ποτέ θα ενημερώσει τον κόσμο το τι θα γίνει με την καραντίνα; Κυριακή βράδυ; #Μητσοτακης #ΜΕΘ… https://t.co/yxlFw98pYJ
70,NikopoulosBabis,"Η @DEI_GR ακολουθεί παράνομη τακτική συμψηφισμού οικιακών κ επαγγελματικών οφειλών καταναλωτών, (ακόμα κ για τελικο… https://t.co/2iDkcIACAX"
71,italianoVeroGR,"#italianoVeroGR #Ιταλικά 🇮🇹

#Ιταλία #Μαθήματα #Βενετία
 #Ταξίδια

#Εργασία #Δουλειά #ΑΣΕΠ #Σπουδές #ΟΑΕΔ

#Ελλαδα… https://t.co/i1VdAh9jVk"
72,ioannisvatatzhs,Tου Κόσμου τα σκάνδαλα γίνονται στην #κυβερνηση_τσιρκο! Ακούστε τον μόνο Σοβαρό Πολιτικό Αρχηγό @velopky της… https://t.co/Q8QvLXD9bS
73,press4ugr,"Κάλεσε #Ταξί για σοκολάτα, σουβλάκια και... προφυλακτικά - https://t.co/HrimbSGYLh - #Βόλος #Καραντίνα #Ταξί https://t.co/xmquEkVdT1"
74,theveganskunk,ΤΟ ΓΕΦΥΡΙ ΤΟΥ ΚΟΥΚΟΥ &amp; Η ΑΡΧΑΙΑ ΓΟΡΤΥΝΑ - ΤΙ ΘΑ ΕΒΛΕΠΕΣ https://t.co/wm6KXyM7tL via @YouTube #drone #drones #4k… https://t.co/a1igkpo3GR
75,Moonshine427,ΤΟ ΓΕΦΥΡΙ ΤΟΥ ΚΟΥΚΟΥ &amp; Η ΑΡΧΑΙΑ ΓΟΡΤΥΝΑ - ΤΙ ΘΑ ΕΒΛΕΠΕΣ https://t.co/Y1BeR3qQjA via @YouTube #drone #drones #4k… https://t.co/l05KbZERiG
76,italianoVeroGR,"#italianoVeroGR #Ιταλικά 🇮🇹

#Υποστήριξη #Χριστούγεννα #MenoumeSpiti #Πρωτοχρονιά #Δωρεάν #Κινητό #Μάθημα… https://t.co/Lw8Vs9vQkm"
77,GrPressing,Θρήνος για τον θάνατο του 48χρονου νοσηλευτή Γιώργου Γεωργιάδη από κορωνοϊό  https://t.co/9JEsyqbEDR #WEBO #racism… https://t.co/bpwjMFYRNW
78,trooperas,"Ίσως σε ενδιαφέρει: 
Μέγαρο Μουσικής Θεσσαλονίκης: Δωρεάν συναυλίες προς τιμήν του υγειονομικού προσωπικού  |… https://t.co/W6xFitZgYD"
79,metinniki,"RT @GiannesT1: #Καραντινα
Φυλακές Κορυδαλλού: διά της τιμωρίας αποβλέπουν στον πειθαναγκασμό των κρατουμένων https://t.co/3y5hbkfo4q"
80,aRTistokratissa,Μπορεί τα δικά μου νέα από τη ζωή στο Μουσείο να είναι σε #καραντινα αλλά ευτυχώς στο @MuseeLouvre η αρχαία ελληνικ… https://t.co/MmRY0kcW2r
81,AthanDim,RT @karapanagiotidu: Δεν θέλει πολύ να τις... ξαναγεμίσουμε #κορονοιος #Θεσσαλονικη_λεμε #καραντινα #κρούσματα #COVID19 #Covid_19 #coronavi…
82,balosd,Μόνο #πασοκ #καραντινα https://t.co/IE3lt7RK9k
83,karapanagiotidu,Δεν θέλει πολύ να τις... ξαναγεμίσουμε #κορονοιος #Θεσσαλονικη_λεμε #καραντινα #κρούσματα #COVID19 #Covid_19… https://t.co/3sCHwA3wAQ
84,italianoVeroGR,"#italianoVeroGR #Ιταλικά 🇮🇹

#Ιταλία #Τοσκάνη #Ζωή #Ηρεμία #Τουρισμός #Δεκέμβριος #Πρωτοχρονιά #Ελλάδα #ΑΣΕΠ #Αθήνα… https://t.co/IpFUabdTmX"
85,akisFireman,"RT @akisFireman: ΠΙΣΤΕΥΕΤΕ ΟΤΙ ΘΑ ΒΓΟΥΜΕ ΑΠΤΟ #lockdown στις 7 Ιανουαριου?
#lockdown2gr #καραντινα"
86,ESCUELA_ELGRECO,"#ESCUEΛA #ΙΣΠΑΝΙΚΑ

#ΠαγκόσμιαΗμέρα #ΠολιτικήΑεροπορία #Αεροπορία #Αεροπλάνο #Αεροδρόμιο #αεροσυνοδός #πιλότος… https://t.co/o4FrJ92YTR"
87,trooperas,"Ίσως σε ενδιαφέρει: 
Θεσσαλονίκη: Μήνυμα ελπίδας στο ΑΧΕΠΑ - Φωταγωγήθηκε το χριστουγεννιάτικο δέντρο |… https://t.co/HHrUVrmaOB"
88,trooperas,"Πρέπει να το διαβάσεις: 
Η ''πτέρυγα της αγάπης'' ενώνει οικογένειες μέσα σε νοσοκομείο  | https://t.co/5Ko5AmIRDC… https://t.co/fPHZiOJf1N"
89,MarkosTimoteis,RT @ind7: Πριν την #καραντινα ήταν χελιδόνι https://t.co/9viNW6t8Sf
90,GiannesT1,"#Καραντινα
Φυλακές Κορυδαλλού: διά της τιμωρίας αποβλέπουν στον πειθαναγκασμό των κρατουμένων https://t.co/3y5hbkfo4q"
91,GiannesT1,"#Καραντινα
Επιτακτική ανάγκη μέτρων στήριξης των Μαστιχοπαραγωγών https://t.co/jpa9lEBNSP"
92,giannistsatman,"Lock down μέχρι τις 07/01/2021
#AgriesMelisses #lockdown2gr #καραντινα https://t.co/Qi8mFPSSXb"
93,blazio4,"RT @akisFireman: Η αποτυπωση του 2020 απτους Ιταλους κι οχι μονο!
#κρουσματα #κορωνοιος #καραντινα #lockdown2gr #lockdown https://t.co/fDiv…"
94,katia_poly,"RT @propovtiv: Εμπειρία από το πρώτο lockdown είχαν, ότι έρχονται γιορτές και θα έχει πολλές παραγγελίες ήξεραν, αλλά δεν προσέλαβαν προσωπ…"
95,propovtiv,"Εμπειρία από το πρώτο lockdown είχαν, ότι έρχονται γιορτές και θα έχει πολλές παραγγελίες ήξεραν, αλλά δεν προσέλαβ… https://t.co/NXF7jzfoqO"
96,L_RunAllDay,RT @not_aMondaytype: θα παει η σέλφι σύννεφο #COVID2019 #covid19Gr #Κορονoιος #menoumespiti #μενουμε_σπιτι #καραντινα https://t.co/4dqKMKqo…
97,Yiannisk4,RT @not_aMondaytype: θα παει η σέλφι σύννεφο #COVID2019 #covid19Gr #Κορονoιος #menoumespiti #μενουμε_σπιτι #καραντινα https://t.co/4dqKMKqo…
98,municapelo,"RT @polyassholeos: 🤣🤣🤣.. Θεούλης!!!!

@AntonisSroiter @ALPHA_TV #πρωθυπουργος #κουλης #Μητσοτάκης #κυβερνηση_συμμορια #κυβερνηση_Μητσοτακη…"
99,spyrakos01,"RT @akisFireman: Η αποτυπωση του 2020 απτους Ιταλους κι οχι μονο!
#κρουσματα #κορωνοιος #καραντινα #lockdown2gr #lockdown https://t.co/fDiv…"
100,motoula2,"RT @GrPhilosopher: Αυτος που ερχεται απο το εξωτερικο...να κανει Γιορτες με τους δικους του...
Κανει PCR τεστ 72 ωρες πριν
Rapid Test με το…"
101,polyassholeos,"🤣🤣🤣.. Θεούλης!!!!

@AntonisSroiter @ALPHA_TV #πρωθυπουργος #κουλης #Μητσοτάκης #κυβερνηση_συμμορια… https://t.co/RwSJskhxvp"
102,VassosF,"Έκανα βιντεοκλήση με την κλεισμένη για τρίτη βδομάδα στο σπίτι με κορωνοϊό μάνα μου:
Εκείνη: ""-Τι νέα;""
Εγώ: ""-Τίπο… https://t.co/fFFnP9xh5f"
103,P25779709858gm1,RT @2008So: Περιμένω να δω πότε θα έρθει ο Κικίλιας στη Θεσσαλονίκη να ανακοινώσει ότι θα μας ασβεστώσουνε #καραντινα
104,ParaliakiG,"RT @akisFireman: ΠΙΣΤΕΥΕΤΕ ΟΤΙ ΘΑ ΒΓΟΥΜΕ ΑΠΤΟ #lockdown στις 7 Ιανουαριου?
#lockdown2gr #καραντινα"
105,GrPressing,Χ.Κέλλας σε Pressing 90.1: Συγκίνηση και χαρά για την ένταξη στο ΓΝΛ - Αδικεί εαυτόν και προσβάλει συναδέλφους ο απ… https://t.co/n95Pxxo9rl
106,K_omegas,"#καραντινα 

Ακινητοποιήθηκε η ηλικιωμένη που πυροβολούσε στην Παιανία https://t.co/4DNC5cgbUy"
107,Betyevi,"RT @akisFireman: Η αποτυπωση του 2020 απτους Ιταλους κι οχι μονο!
#κρουσματα #κορωνοιος #καραντινα #lockdown2gr #lockdown https://t.co/fDiv…"
108,VoyagerStII,#βουλη #ΕΛΛΑΔΑ #Εμβολιο #ηζωησυνεχιζεται #Θεσσαλονικη #καραντινα #κικιλιας #κορονοιος #κρουσματα… https://t.co/wO2Vl1YiMt
109,fiat4x4_gr,Σήμερα έμαθα ότι δεν μπορεί να ανοίξει το λιανεμπόριο και να μείνουν κλειστές οι εκκλησίες... Εσείς πώς περνάτε στη… https://t.co/9n7rQK9zyt
110,no7_g2,"RT @akisFireman: Η αποτυπωση του 2020 απτους Ιταλους κι οχι μονο!
#κρουσματα #κορωνοιος #καραντινα #lockdown2gr #lockdown https://t.co/fDiv…"
111,ConniePSt,"RT @akisFireman: Η αποτυπωση του 2020 απτους Ιταλους κι οχι μονο!
#κρουσματα #κορωνοιος #καραντινα #lockdown2gr #lockdown https://t.co/fDiv…"
112,trooperas,"Ίσως σε ενδιαφέρει: 
Δωρεά 200.000 χειρουργικών μασκών ""ΜΕΓΑ"" σε πάνω από 110 γηροκομεία της Αττικής |… https://t.co/EYXucqhjDA"
113,valia_victoria,"RT @akisFireman: Η αποτυπωση του 2020 απτους Ιταλους κι οχι μονο!
#κρουσματα #κορωνοιος #καραντινα #lockdown2gr #lockdown https://t.co/fDiv…"
114,g_m_anton,"RT @akisFireman: Η αποτυπωση του 2020 απτους Ιταλους κι οχι μονο!
#κρουσματα #κορωνοιος #καραντινα #lockdown2gr #lockdown https://t.co/fDiv…"
115,MariaMeTaYellow,"RT @akisFireman: Η αποτυπωση του 2020 απτους Ιταλους κι οχι μονο!
#κρουσματα #κορωνοιος #καραντινα #lockdown2gr #lockdown https://t.co/fDiv…"
116,JustMe95831738,"#κορονοϊος 
#Εμβολιο 
#lockdown2gr 
#καραντίνα https://t.co/LFZdLlHRT7"
117,italianoVeroGR,"#italianoVeroGR #Ιταλικά 🇮🇹

#Ιταλία #Μαθήματα #Βενετία #Βενετια #Ταξίδια

#Εργασία #Δουλειά #ΑΣΕΠ #Σπουδές #ΟΑΕΔ… https://t.co/mbToSogkFn"
118,SifisMiliarakis,"RT @akisFireman: Η αποτυπωση του 2020 απτους Ιταλους κι οχι μονο!
#κρουσματα #κορωνοιος #καραντινα #lockdown2gr #lockdown https://t.co/fDiv…"
119,Kallina__,"RT @akisFireman: Η αποτυπωση του 2020 απτους Ιταλους κι οχι μονο!
#κρουσματα #κορωνοιος #καραντινα #lockdown2gr #lockdown https://t.co/fDiv…"
120,nasioulinaki,"RT @akisFireman: Η αποτυπωση του 2020 απτους Ιταλους κι οχι μονο!
#κρουσματα #κορωνοιος #καραντινα #lockdown2gr #lockdown https://t.co/fDiv…"
121,CRF1000CYP,"RT @akisFireman: Η αποτυπωση του 2020 απτους Ιταλους κι οχι μονο!
#κρουσματα #κορωνοιος #καραντινα #lockdown2gr #lockdown https://t.co/fDiv…"
122,BomberNick,"RT @akisFireman: Η αποτυπωση του 2020 απτους Ιταλους κι οχι μονο!
#κρουσματα #κορωνοιος #καραντινα #lockdown2gr #lockdown https://t.co/fDiv…"
123,iphigvr,"RT @akisFireman: Η αποτυπωση του 2020 απτους Ιταλους κι οχι μονο!
#κρουσματα #κορωνοιος #καραντινα #lockdown2gr #lockdown https://t.co/fDiv…"
124,i_pagourina,Συγγνώμη κιόλας αλλά και εγώ αν ήμουν 90 χρονών(μακάρι να φτάσω τόσο) δε θα είχα ανησυχίες σχετικά με τις παρενέργε… https://t.co/tovh2yDyJj
125,aeolos111,"RT @akisFireman: Η αποτυπωση του 2020 απτους Ιταλους κι οχι μονο!
#κρουσματα #κορωνοιος #καραντινα #lockdown2gr #lockdown https://t.co/fDiv…"
126,akisFireman,"RT @akisFireman: Η αποτυπωση του 2020 απτους Ιταλους κι οχι μονο!
#κρουσματα #κορωνοιος #καραντινα #lockdown2gr #lockdown https://t.co/fDiv…"
127,VDimitrantzou,Νομίζω κ. Πρωθυπουργέ το λάθος ήταν που δεν φορούσατε μάσκα όχι που φωτογραφηθηκατε χωρίς. Αλλά τολμά κάνεις να δώσ… https://t.co/NPU7rMn7bf
128,toumpouza,"@KostasVaxevanis @diafanos62 Αν ο #Μητσοτακης  ακούγε τους επικοινωνιολόγους του, τότε θα έπρεπε να κλειστεί σε σκλ… https://t.co/1RExdIH02P"
129,aporiesss,"Κάποιος να κλειδώσει το ψυγείο μου και το λογαριασμό της προπληρωμένης μου asap
.
.
#καραντινα #κορονοϊός #shoppingstar #mystylerocksgr"
130,sadavocado13,"Παιδια ειμαι μπερδεμένος, ειμαστε ακομα σε lockdown? για να βγουμε πρεπει να στειλουμε μηνυμα? #lockdown2 #καραντινα"
131,ZonepressGr,Hello!! Ξέρω…πέρασε καιρός αλλά…ήρθε η καραντίνα. ΠΑΛΙ.  #Blog #Lockdown #Καραντίνα https://t.co/trC9dmAiaW https://t.co/OPUEfyJBE4
132,elenim50,"RT @akisFireman: ΠΙΣΤΕΥΕΤΕ ΟΤΙ ΘΑ ΒΓΟΥΜΕ ΑΠΤΟ #lockdown στις 7 Ιανουαριου?
#lockdown2gr #καραντινα"
133,TeddyGforHUGS,"RT @akisFireman: Η αποτυπωση του 2020 απτους Ιταλους κι οχι μονο!
#κρουσματα #κορωνοιος #καραντινα #lockdown2gr #lockdown https://t.co/fDiv…"
134,grecaliana,"RT @akisFireman: Η αποτυπωση του 2020 απτους Ιταλους κι οχι μονο!
#κρουσματα #κορωνοιος #καραντινα #lockdown2gr #lockdown https://t.co/fDiv…"
135,tolisv,"RT @akisFireman: ΠΙΣΤΕΥΕΤΕ ΟΤΙ ΘΑ ΒΓΟΥΜΕ ΑΠΤΟ #lockdown στις 7 Ιανουαριου?
#lockdown2gr #καραντινα"
136,24newscy,«Τσουχτερό» πρόστιμο γιατί έσπασε την #καραντίνα για...δευτερόλεπτα https://t.co/EUad3zXMMT
137,KyriGr72,"RT @akisFireman: Η αποτυπωση του 2020 απτους Ιταλους κι οχι μονο!
#κρουσματα #κορωνοιος #καραντινα #lockdown2gr #lockdown https://t.co/fDiv…"
138,PrincesaDemy,"RT @akisFireman: Η αποτυπωση του 2020 απτους Ιταλους κι οχι μονο!
#κρουσματα #κορωνοιος #καραντινα #lockdown2gr #lockdown https://t.co/fDiv…"
139,elenim50,"RT @akisFireman: Η αποτυπωση του 2020 απτους Ιταλους κι οχι μονο!
#κρουσματα #κορωνοιος #καραντινα #lockdown2gr #lockdown https://t.co/fDiv…"
140,katsounades,Σπανακόπιτα... Κοπιάσετε #καραντίνα https://t.co/Zr3wKH7Wiq
141,KyraToxotina,"RT @akisFireman: Η αποτυπωση του 2020 απτους Ιταλους κι οχι μονο!
#κρουσματα #κορωνοιος #καραντινα #lockdown2gr #lockdown https://t.co/fDiv…"
142,tolisv,"RT @akisFireman: Η αποτυπωση του 2020 απτους Ιταλους κι οχι μονο!
#κρουσματα #κορωνοιος #καραντινα #lockdown2gr #lockdown https://t.co/fDiv…"
143,SPothitos,"RT @akisFireman: Η αποτυπωση του 2020 απτους Ιταλους κι οχι μονο!
#κρουσματα #κορωνοιος #καραντινα #lockdown2gr #lockdown https://t.co/fDiv…"
144,AphroBoo,"RT @akisFireman: Η αποτυπωση του 2020 απτους Ιταλους κι οχι μονο!
#κρουσματα #κορωνοιος #καραντινα #lockdown2gr #lockdown https://t.co/fDiv…"
145,MiaSouMiaMou,"RT @akisFireman: Η αποτυπωση του 2020 απτους Ιταλους κι οχι μονο!
#κρουσματα #κορωνοιος #καραντινα #lockdown2gr #lockdown https://t.co/fDiv…"
146,panos_p95,"RT @akisFireman: Η αποτυπωση του 2020 απτους Ιταλους κι οχι μονο!
#κρουσματα #κορωνοιος #καραντινα #lockdown2gr #lockdown https://t.co/fDiv…"
147,akisFireman,"Η αποτυπωση του 2020 απτους Ιταλους κι οχι μονο!
#κρουσματα #κορωνοιος #καραντινα #lockdown2gr #lockdown https://t.co/fDivBKoDak"
148,trooperas,":)
Athens Film Office: Ο Δήμος Αθηναίων καλωσορίζει μεγάλες διεθνείς κινηματογραφικές παραγωγές |… https://t.co/ZzH6mCFabZ"
149,theveganskunk,ΚΑΤΑΒΑΣΗ ΠΕΝΤΕΛΗΣ ΜΕ ΠΟΔΗΛΑΤΟ  μέρος Α' https://t.co/bQv4W3MXmo μέσω @YouTube #ποδήλατο #καραντινα #καραντίνα… https://t.co/hI6cLZZq51
150,toliskrallis,Μοριακό test 72 ώρες πριν την είσοδο ΚΑΙ rapid test κατά την είσοδο ΚΑΙ 10ήμερη καραντίνα. Σε μια χώρα γεμάτη… https://t.co/qDPbpVUjK4
151,EvgenTzavaras,"Κάντε κλικ, ανοίγει.

#καραντίνα #Lockdown2 https://t.co/uT3ST0yXs7"
152,trooperas,"Πρέπει να το διαβάσεις: 
Εμβόλιο κορονοϊού: Το μπλουζάκι της 90χρονης είναι το highlight της χρονιάς |… https://t.co/VS9ls6sias"
153,kinthia,"Ντο ντορίς με τον ντορβά 
Ρε ρεζίλι θα γενείς 

Τραγουδάν ανέμελα στο πρωθυπουργαρι

Ιδέα: @kinthia 
Εικαστικό:… https://t.co/qXPzTPSquP"
154,DreamerLady4U,"RT @akisFireman: ΠΙΣΤΕΥΕΤΕ ΟΤΙ ΘΑ ΒΓΟΥΜΕ ΑΠΤΟ #lockdown στις 7 Ιανουαριου?
#lockdown2gr #καραντινα"
155,liana0000000,"RT @akisFireman: ΠΙΣΤΕΥΕΤΕ ΟΤΙ ΘΑ ΒΓΟΥΜΕ ΑΠΤΟ #lockdown στις 7 Ιανουαριου?
#lockdown2gr #καραντινα"
156,KonstantinaKol7,"RT @akisFireman: ΠΙΣΤΕΥΕΤΕ ΟΤΙ ΘΑ ΒΓΟΥΜΕ ΑΠΤΟ #lockdown στις 7 Ιανουαριου?
#lockdown2gr #καραντινα"
157,trooperas,":)
Το ""Αστέρι της Βηθλεέμ"" επιστρέφει μετά από 800 χρόνια | https://t.co/hdc4CMaI53 | #covid19 #μενουμεστοσπιτι… https://t.co/61LGkWwb3S"
158,AngelosNikos,Πέρασε η ηλικία μου για το #gntmgr και χάθηκε ενα ταλέντο! Αλλα το #masterchefgr χρόνια δεν κοιτά. Αρε #καραντίνα ν… https://t.co/UBMliuGVvK
159,g_m_anton,"RT @akisFireman: ΠΙΣΤΕΥΕΤΕ ΟΤΙ ΘΑ ΒΓΟΥΜΕ ΑΠΤΟ #lockdown στις 7 Ιανουαριου?
#lockdown2gr #καραντινα"
160,GTachmazidis,"RT @akisFireman: ΠΙΣΤΕΥΕΤΕ ΟΤΙ ΘΑ ΒΓΟΥΜΕ ΑΠΤΟ #lockdown στις 7 Ιανουαριου?
#lockdown2gr #καραντινα"
161,papadopoulouel6,"RT @akisFireman: ΠΙΣΤΕΥΕΤΕ ΟΤΙ ΘΑ ΒΓΟΥΜΕ ΑΠΤΟ #lockdown στις 7 Ιανουαριου?
#lockdown2gr #καραντινα"
162,akisFireman,"ΠΙΣΤΕΥΕΤΕ ΟΤΙ ΘΑ ΒΓΟΥΜΕ ΑΠΤΟ #lockdown στις 7 Ιανουαριου?
#lockdown2gr #καραντινα"
163,Teratoula,https://t.co/yhCjAAmSsn Θα τρελαθω τι λεει ο μαλακας? Να τα βαλεις στα παιδια σου...  #κορωνοιος #lockdown2gr #καραντινα
164,maverickxlt,Ρε καλόπαιδα μόνος σου μπορείς να κάνεις Χριστούγεννα και πρωτοχρονιά.?????????? ΜΟΝΟΣ ΣΟΥ!!!!!!!!????????????… https://t.co/MFudvzwfxr
165,akounitos,"#Πολλ
Η δεύτερη #καραντίνα σας δημιουργεί περισσότερο άγχος από την πρώτη?⛑️
RT
#ΙΟΣ #mystylerocksgr #MasterChef… https://t.co/ghIXl8jRoh"
166,akounitos,"Ο κ. #κυβερνήτης ξέχασε να αναφέρει τους 🏰Ναούς🏰,στα νέα μέτρα χαλάρωσης λόγω των εορτών?

Τα Χρ/να -εξ ορισμου- έχ… https://t.co/bwZEzqBIWW"
167,akounitos,"Όλη η χώρα είναι για φτύσιμο:
Τα θύματα είναι πλέον &gt;100 ΤΗΝ ΗΜΕΡΑ και κανείς δεν αντιδρά👹
Όμως,
κάνουν Πορείες Παρ… https://t.co/r94OFsZnkE"
168,Teratoula,#κορωνοιος #καραντινα #COVID19gr #covid_19GR #COVID19greece #ΕΛΛΑΔΑ https://t.co/yEZwc4mDvA
169,aigeas,"RT @fiat4x4_gr: Κάντο όπως ο @A_petretzikis βοήθησε στην γιγάντωση αυτού του αιτήματος, γίνε κι εσύ μέρος της λύσης.
https://t.co/NkG6Po7pL…"
170,vala_le,"Όταν μένεις σε Πολυκατοικία,
 είναι Καραντίνα και δεν έχεις με τι άλλο να ασχοληθείς  !!
#BigBrotherGR #bbxeftiles… https://t.co/sFUKTuhpmk"
171,maked0nikon,ΟΛΟΙ οι Μακεδόνες πρέπει να βγούμε στους δρόμους και να τους στείλουμε στον διάολο. Και αυτούς και την #καραντίνα τ… https://t.co/WW1Gu6dT0n
172,VergopoulosG,"RT @gpapoul: “.. Μένουμε διαιτώμενοι εις την οικία μας, στραβοπατούντες από δωμάτιον εις δωμάτιο, ως ποταμιαία καβούρια, αλιβάνιστοι, αλειτ…"
173,italianoVeroGR,"#italianoVeroGR #Ιταλικά 🇮🇹

#Εμπόριο #Καραντίνα #Οικονομία
#Εργασία #Δουλειά #ΑΣΕΠ
#Ελλάδα #Αθήνα #Πειραιάς… https://t.co/GHIuT7pX0n"
174,Sonexme,"2 πράγματα περιμένουμε όλοι:
Να λήξει η καραντίνα και να μας έρθει  πακέτο κουριερ.
#καραντινα"
175,artemi_militsi,"@PrimeministerGR  όσοι έρθουμε Ελλάδα μέσω Πάρνηθας με ποδήλατο...μπαίνουμε καραντίνα;;;

#καραντινα"
176,Frouku,"Η #καραντινα των Χριστουγεννων δεν ειναι τοσο αυστηρη οσο του Μαρτη!&gt;
τι μου λες!!
η αληθεια ειναι οτι &lt;μας βαλατε… https://t.co/biN5NGBeFI"
177,theboynurse1,"RT @sociallib4: Κλειστά τα σχολεία μέχρι 7 Ιανουαρίου αλλά για τις εκκλησίες αναμένονται ανακοινώσεις μέσα στην εβδομάδα, κάτι θα κάνουμε..…"
178,GaliniIo,RT @tolisv: Στα ανοικτά καταστήματα κολλάει - στις ουρές έξω από τα καταστήματα της #ACS δεν κολλάει #καραντινα
179,vangsah,"Ευτυχώς υπάρχει η #καραντίνα και άρχισαν και μειώνονται τα τεστ, με αποτέλεσμα λιγότερα κρούσματα. Επιτέλους τα μέτ… https://t.co/ibzj8S1lPx"
180,panosd77,"Φατσα τυπου ""δεν μπορω αλλη βολτα στην καραντινα"" #mydogiscutest #COVID19gr #καραντινα https://t.co/uYTP222Y3D"
181,Geotheocharis,Στην τρίτη #καραντίνα οι θάνατοι θα είναι περισσότεροι από δολοφονίες συζύγων παρά από #COVID19gr ...
182,diama15,Αν μετα την #καραντίνα δεν είμαστε στο Δρομοκαΐτειο την γλιτώσαμε για πάντα.
183,theiabebeka,"RT @gpapoul: “.. Μένουμε διαιτώμενοι εις την οικία μας, στραβοπατούντες από δωμάτιον εις δωμάτιο, ως ποταμιαία καβούρια, αλιβάνιστοι, αλειτ…"
184,silaserafim,"RT @gpapoul: “.. Μένουμε διαιτώμενοι εις την οικία μας, στραβοπατούντες από δωμάτιον εις δωμάτιο, ως ποταμιαία καβούρια, αλιβάνιστοι, αλειτ…"
185,STANIKOLAS,RT @tolisv: Στα ανοικτά καταστήματα κολλάει - στις ουρές έξω από τα καταστήματα της #ACS δεν κολλάει #καραντινα
186,elenispiridi,Και να θυμηθούμε τι έλεγε ο Μητσοτάκης@PrimeministerGR τον Νοέμβριο: Κλείνουμε τώρα για να ανοίξουμε στις γιορτές.… https://t.co/eh50Fmz6vl
187,anmih60,"RT @sociallib4: Κλειστά τα σχολεία μέχρι 7 Ιανουαρίου αλλά για τις εκκλησίες αναμένονται ανακοινώσεις μέσα στην εβδομάδα, κάτι θα κάνουμε..…"
188,italianoVeroGR,"#italianoVeroGR #Ιταλικά 🇮🇹

#Ιταλία #Παλμανόβα #Αρχιτεκτονική #Στρατός #Δεκέμβριος #Πρωτοχρονιά #Ελλάδα #ΑΣΕΠ… https://t.co/yGrErVw3CC"
189,NHWDLlFuhcrxvqj,RT @tolisv: Στα ανοικτά καταστήματα κολλάει - στις ουρές έξω από τα καταστήματα της #ACS δεν κολλάει #καραντινα
190,vimapress,Κορονοϊός: Σε καραντίνα 10 ημερών όσοι έρχονται από το εξωτερικό - vimapress - #rapirdtes #εξωτερικο #καραντίνα… https://t.co/PF5q9nn6fp
191,D_Lagogiannis,RT @fiat4x4_gr: @D_Lagogiannis @PrimeministerGR @cstaikouras Θέλουμε  μείωση.  https://t.co/uBJjaYQMAU   #τελη_κυκλοφοριας #Lockdown2 #κορο…
192,D_Lagogiannis,"RT @fiat4x4_gr: Κάντο όπως ο @A_petretzikis βοήθησε στην γιγάντωση αυτού του αιτήματος, γίνε κι εσύ μέρος της λύσης.
https://t.co/NkG6Po7pL…"
193,Fulius_,"RT @NatashaVar1: Πω ρε φίλε, φαντάσου να μην υπήρχαμε κι εμείς που καραντινιαστήκαμε οικιοθελώς από μέσα Οκτώβρη (και συνεχίζουμε την αυστη…"
194,silaserafim,"RT @NatashaVar1: Πω ρε φίλε, φαντάσου να μην υπήρχαμε κι εμείς που καραντινιαστήκαμε οικιοθελώς από μέσα Οκτώβρη (και συνεχίζουμε την αυστη…"
195,aretousa1,Καλό απόγευμα!!#καραντίνα #Λάρισα https://t.co/Uxsy81dHVh
196,fiat4x4_gr,@D_Lagogiannis @PrimeministerGR @cstaikouras Θέλουμε  μείωση.  https://t.co/uBJjaYQMAU   #τελη_κυκλοφοριας… https://t.co/Fys1b9VeYD
197,documentonews,Ακούστε τα σημερινά θέματα με τον Δημήτρη Χατζηνικόλα. #κυβερνηση_Μητσοτακη #κορονοϊος #Τουρκια #lockdown… https://t.co/M4iGgfrfxu
198,rosali36648764,Πως σε βλέπει ο γκόμενος χωρις φίλτρα και πως εσυ με φίλτρα  #kalomesimeraki #τοσα χρόνια τέννις και λάθος κράτημα… https://t.co/fio6L50nlu
199,Mar_Benja,RT @tolisv: Στα ανοικτά καταστήματα κολλάει - στις ουρές έξω από τα καταστήματα της #ACS δεν κολλάει #καραντινα
200,SagiannisG,"RT @sociallib4: Κλειστά τα σχολεία μέχρι 7 Ιανουαρίου αλλά για τις εκκλησίες αναμένονται ανακοινώσεις μέσα στην εβδομάδα, κάτι θα κάνουμε..…"
201,GrPhilosopher,"Αυτος που ερχεται απο το εξωτερικο...να κανει Γιορτες με τους δικους του...
Κανει PCR τεστ 72 ωρες πριν
Rapid Test… https://t.co/dGoPeQXnOB"
202,faymple,#Lockdown3 Τι παραμένει κλειστό έως τις 7.1.2021 #lockdown2gr #covid19 https://t.co/JFfuiU8j92 #CoronaVirus… https://t.co/xtMWPzcMz3
203,markchouzouris,"RT @gpapoul: “.. Μένουμε διαιτώμενοι εις την οικία μας, στραβοπατούντες από δωμάτιον εις δωμάτιο, ως ποταμιαία καβούρια, αλιβάνιστοι, αλειτ…"
204,tbickle1976,"RT @NatashaVar1: Πω ρε φίλε, φαντάσου να μην υπήρχαμε κι εμείς που καραντινιαστήκαμε οικιοθελώς από μέσα Οκτώβρη (και συνεχίζουμε την αυστη…"
205,vassovt,"RT @gpapoul: “.. Μένουμε διαιτώμενοι εις την οικία μας, στραβοπατούντες από δωμάτιον εις δωμάτιο, ως ποταμιαία καβούρια, αλιβάνιστοι, αλειτ…"
206,NatashaVar1,"Πω ρε φίλε, φαντάσου να μην υπήρχαμε κι εμείς που καραντινιαστήκαμε οικιοθελώς από μέσα Οκτώβρη (και συνεχίζουμε τη… https://t.co/UzYtHg1P1t"
207,municapelo,"RT @dpatsis: Στις 7 Γενάρη ??..............η τον Αλωνάρη?
#καραντινα #lockdown 
#ΝΔ_ΑΠΑΤΕΩΝΕΣ"
208,muntial,"RT @gpapoul: “.. Μένουμε διαιτώμενοι εις την οικία μας, στραβοπατούντες από δωμάτιον εις δωμάτιο, ως ποταμιαία καβούρια, αλιβάνιστοι, αλειτ…"
209,pery_greg,"RT @sociallib4: Κλειστά τα σχολεία μέχρι 7 Ιανουαρίου αλλά για τις εκκλησίες αναμένονται ανακοινώσεις μέσα στην εβδομάδα, κάτι θα κάνουμε..…"
210,romosfiliras1,"RT @gpapoul: “.. Μένουμε διαιτώμενοι εις την οικία μας, στραβοπατούντες από δωμάτιον εις δωμάτιο, ως ποταμιαία καβούρια, αλιβάνιστοι, αλειτ…"
211,gpapoul,"“.. Μένουμε διαιτώμενοι εις την οικία μας, στραβοπατούντες από δωμάτιον εις δωμάτιο, ως ποταμιαία καβούρια, αλιβάνι… https://t.co/NczOqd2LeL"
212,dpatsis,"Στις 7 Γενάρη ??..............η τον Αλωνάρη?
#καραντινα #lockdown 
#ΝΔ_ΑΠΑΤΕΩΝΕΣ"
213,ThePresidentGr,ΗΠΑ: Περισσότεροι από 20 εκατ. άνθρωποι τίθενται σε καραντίνα στη Νότια Καλιφόρνια #ΗΠΑ #καραντίνα #νέοςκορονοϊός… https://t.co/ABLY5M4k4D
214,CMaravelia,Δύσκολη περιοδος λένε! Τα περισσότερα θα παραμείνουν κλειστά μέχρι 7 Γενάρη λένε γιατί είναι κρίσιμη η κατάσταση λέ… https://t.co/FBrU67WxWD
215,epigeiathea,"RT @mairatb_: Εν μέσω καραντίνας κ ενώ η λειτουργία τους έχει ανασταλεί, εισπρακτικες εταιρείες της ΔΕΗ παρενοχλουν παράνομα τους πολίτες.Τ…"
216,GXampas,Ουσιαστικά ο Πέτσας ανακοίνωσε ένα lockdown μέχρι τις 7/1 με κάποιες εξαιρέσεις. #καραντινα #COVID19gr
217,sociallib4,"Κλειστά τα σχολεία μέχρι 7 Ιανουαρίου αλλά για τις εκκλησίες αναμένονται ανακοινώσεις μέσα στην εβδομάδα, κάτι θα κ… https://t.co/rubb7ID5Qm"
218,happycityblog,"Εμενα γιατί μου τα στέλνουν αφού και στον #κορωναιο πιστεύω και εμβόλιο θα κάνω 🤣🤣🤣Τι ζω ρε.. 
#καραντινα https://t.co/iQLJ55JdRb"
219,ALPHA_TV,"#alphanews Κλειστά έως τις 7 Ιανουαρίου, σχολεία, δικαστήρια, άθληση, ψυχαγωγία και εστίαση. Την Παρασκευή οι ανακο… https://t.co/lB2ihuB30S"
220,tolisv,Μην πάρετε κόκκινα εσώρουχα φέτος - εκτός αν έχετε @OnlyFans ή show στο cam4 #Πετσας #καραντινα #ΧΡΙΣΤΟΥΓΕΝΝΑ
221,kefalonitikanea,"Κλειστά μέχρι 7 Ιανουαρίου σχολεία, εστίαση, δικαστήρια #Ειδήσεις #Καραντίνα #Κορωνοϊός #Πρωτοσέλιδο | 
 https://t.co/J3Vtd43pUZ"
222,mairatb_,"Εν μέσω καραντίνας κ ενώ η λειτουργία τους έχει ανασταλεί, εισπρακτικες εταιρείες της ΔΕΗ παρενοχλουν παράνομα τους… https://t.co/qNGkfCFtxc"
223,Xaroula41584903,ΤΑ ΣΚΟΥΠΙΔΙΑ ΑΠΟ ΠΟΤΕ ΜΙΛΟΥΝ; #καραντινα #2020 #spitimetomega  #AgriesMelisses #Γρηγοροπουλος #TheBachelorGR… https://t.co/DeTkYa6Szm
224,StartinaM,Αυτή η #καραντίνα θα με τρελάνει. Δεν αντέχω άλλο 😭😭😭
225,Anonpep1,RT @tolisv: Στα ανοικτά καταστήματα κολλάει - στις ουρές έξω από τα καταστήματα της #ACS δεν κολλάει #καραντινα
226,gklogacf,RT @tolisv: Στα ανοικτά καταστήματα κολλάει - στις ουρές έξω από τα καταστήματα της #ACS δεν κολλάει #καραντινα
227,tolisv,Στα ανοικτά καταστήματα κολλάει - στις ουρές έξω από τα καταστήματα της #ACS δεν κολλάει #καραντινα
228,ERT3Social,"Συνεχίζεται η πίεση που δέχονται τα νοσοκομεία κυρίως της Βόρειας Ελλάδας, την ώρα που συμπληρώνεται ένας μήνας καρ… https://t.co/BcCDfQncXV"
229,trooperas,"Ενδιαφέρον: 
Τρεις αδερφές: Επιστρέφει online από το θέατρο Προσκήνιο η παράσταση του Δ. Καραντζά |… https://t.co/OXgvOKVbTF"
230,33Nikos,"RT @jim61884420: Αρνητής μάσκας μετά το #lockdown2gr!
 #καραντινα
#κορωνοιος https://t.co/frrfZP8qQs"
231,italianoVeroGR,"#italianoVeroGR #Ιταλικά 🇮🇹

#Ιταλία #Ρώμη #Δετέρα #Καλημέρα #Δεκέμβριος #Πρωτοχρονιά #Ελλάδα #ΑΣΕΠ #Αθήνα… https://t.co/buOx5T9wXR"
232,Levitopo,"RT @sof_papado: Με τόσες καραντίνες έχω ξεχάσει να βάφομαι
#καραντινα2 #καραντινα #lockdown2gr"
233,rosali36648764,#eutixeite # τι μ@λ@κιες γράφεται ρε εκεί στο @gossiptvgr με lockdown δεν ήταν στον γκόμενο αλλά στην Πωλίνα-φωτογρ… https://t.co/GwAsCl2hkR
234,VirginiaStavro2,Φίλς λάικ ταιμ ιζ μουβινγκ ιν σλοου μοσιον #κορονοιος #καραντινα
235,phaethonmav,Το τραγουδούσα και πέρσι τα #χριστουγεννα και μπήκαμε σε #καραντινα άλλα παιδιά δεν φταίω εγω https://t.co/GagmtkVprm
236,mikros_prigkipa,RT @2008So: Περιμένω να δω πότε θα έρθει ο Κικίλιας στη Θεσσαλονίκη να ανακοινώσει ότι θα μας ασβεστώσουνε #καραντινα
237,styliilii,"Νέοι φολοουερς θα μπαίνουν σε καραντίνα για 14μέρες λόγω του ιού! Ευχαριστώ! #κορονοϊός #καραντινα #καραντινα2 
Neu… https://t.co/j957juLl5w"
238,theveganskunk,ΚΑΤΑΒΑΣΗ ΠΕΝΤΕΛΗΣ ΜΕ ΠΟΔΗΛΑΤΟ - ΣΥΜΒΟΥΛΕΣ ΓΙΑ ΠΟΔΗΛΑΤΟ https://t.co/sJXDRC0HDJ via @YouTube #vegan #πεντέλη… https://t.co/cPskml3MYd
239,trooperas,"Πρέπει να το διαβάσεις: 
Η Ρωσία σκοπεύει να εμβολιάσει 7 εκατ. ανθρώπους | https://t.co/kLu3034wtG | #covid19… https://t.co/xp0yg1P05Y"
240,tilevoasartas,"#ΣΥΡΙΖΑ: Η #μνήμη δεν μπορεί να μπει σε #καραντίνα

- «Απαιτούμε να αφεθούν #ελεύθεροι όλοι οι #προσαχθέντες... Οι… https://t.co/q4rVfmgZXv"
241,theveganskunk,ΚΑΤΑΒΑΣΗ ΠΕΝΤΕΛΗΣ ΜΕ ΠΟΔΗΛΑΤΟ - ΣΥΜΒΟΥΛΕΣ ΓΙΑ ΠΟΔΗΛΑΤΟ https://t.co/sJXDRBJ6Mb via @YouTube #vegan #πεντέλη… https://t.co/hAOUWaYU74
242,Moonshine427,ΚΑΤΑΒΑΣΗ ΠΕΝΤΕΛΗΣ ΜΕ ΠΟΔΗΛΑΤΟ - ΣΥΜΒΟΥΛΕΣ ΓΙΑ ΠΟΔΗΛΑΤΟ https://t.co/OEkXvjyP0e via @YouTube #vegan #πεντέλη… https://t.co/QsqntTYSvt
243,TigerDragon41,"RT @akounitos: @a13x____ #κύριε_ΠΘ #κυριε_Χαρδαλια
(Έχετε διάταξη για ελεύθερη άθληση 3ατομων, με αποστάσεις και μάσκες, σωστά?)
Εγώ κάνω ά…"
244,GiannesT1,#Καραντινα https://t.co/buHDiEu3Sj
245,theveganskunk,ΠΑΛΑΙΟ ΦΑΛΗΡΟ - ΚΟΡΥΦΗ ΠΕΝΤΕΛΗΣ ΜΕ ΠΟΔΗΛΑΤΟ I μέρος Γ' https://t.co/tZWZI6mTVQ via @YouTube #ποδήλατο #καραντίνα… https://t.co/5P7LqFBYS2
246,GiannesT1,"#Λοκνταουν
#Πολιτικη
#Καραντινα
#ΝΔ_ξεφτιλες
#ΝΔ_Χουντα
#ΝΔ_θελατε
#ΝΔ_αλητες
#ΝΔ_ΑΠΑΤΕΩΝΕΣ
#ΝΔκατσαπλιαδες… https://t.co/ZTX6hiaPVm"
247,Stef_princess,"Κι εμείς δύσκολα περναμε στην #καραντίνα, αλλά μήνυμα σε πρώην δε στέλνουμε"
248,akounitos,"@kafraki6 .......λες να....
👽ζούνε ανάμεσα στο σαλόνι + κουζίνα Σου και τρώτε ΜΑΖΙ,μετά την βάρδια?👽

Μάλλον , ΝΑΙ😎… https://t.co/hOFbrtCqs0"
249,akounitos,"@penintakos Καλά λές

Γράψου παράλληλα και στον νέο σύλλογο δοσίλογων .
Θα παίρνεις και μπόνους,όπως οι εφοριακοι😎… https://t.co/tVkg2RnKjR"
250,akounitos,"@a13x____ #κύριε_ΠΘ #κυριε_Χαρδαλια
(Έχετε διάταξη για ελεύθερη άθληση 3ατομων, με αποστάσεις και μάσκες, σωστά?)
Ε… https://t.co/HDM6fUndYb"
251,akounitos,"@savvaskarma #Πολλ
Τα άτομα αυτά με τα κράνη και τα μπλέ είναι:
RT
#ΙΟΣ #mystylerocksgr #MasterChef #Gntm #Εβρος… https://t.co/WyWv2yTYCy"
252,GiannesT1,"#Λοκνταουν2
#Καραντινα
Γκιουλτζάν Αλτάν – «Τραγούδια της επανάστασης» αφιερωμένα στα 100 χρόνια του ΚΚ Τουρκίας (TK… https://t.co/Dfwh7r7UWR"
253,UrbanusIIStSede,"RT @HGeorgil: Κρατήστε αυτή την φωτογραφία.
#Covid_19 #μενουμεστοσπιτι #καραντινα #απαγορευση_κυκλοφοριας https://t.co/gsAE6XX5or"
254,GiannesT1,"#Λοκνταουν
#Καραντινα
Κ. Κούνεβα: “Υπογράφω το κείμενο που συνέταξε το ΚΚΕ” – Αλληλεγγύη στα δίκαια αιτήματα του λα… https://t.co/3UZM4cEKTW"
255,akounitos,"@kafraki6 Ερώτηση:
1)τα άτομα με τις πράσινες στολές,είναι από την γερμανία/αυστρια, η από την ελλάδα?
2)👽Ζούνε ανά… https://t.co/IKD75uk5Xg"
256,akounitos,"Από την αρχή της πανδημίας,βλέπω ΚΑΙ το #Μακελειό για να έχω σφαιρική ενημέρωση.
Έλα πού,υπάρχουν αποκλ.ειδήσεις πο… https://t.co/ebxm3McxWW"
257,akounitos,"Ναοί,Πάσχα,γιορτές,παρέλαση,βόλτα, φίλοι,βοήθεια σε άλλους,ταξίδια,κέντρα,ΕΣΟΔΑ 
  ----&gt;       Γ. Ι. Ο. Κ.⛑️
Εφετεί… https://t.co/QPKmneHqoK"
258,akounitos,"Είναι αλήθεια #Βελόπουλος,ότι οι φωτό είναι σε άλλο χρόνο και όχι στην Ελλάδα?
1)γιατί τις έσβησες?
2)δεν είχες άλλ… https://t.co/XX0sHVLgkT"
259,katr_elena,"RT @trooperas: Ίσως σε ενδιαφέρει: 
Ο κ. Γιάννης στέλνει 6 και βγάζει βόλτα τη γάτα του, τη Λάντα | https://t.co/xtNjXLZslq | #covid19 #μεν…"
260,trooperas,"Ίσως σε ενδιαφέρει: 
Ο κ. Γιάννης στέλνει 6 και βγάζει βόλτα τη γάτα του, τη Λάντα | https://t.co/xtNjXLZslq |… https://t.co/Kt1m3E9sG4"
261,italianoVeroGR,"#italianoVeroGR #Ιταλικά 🇮🇹

#Ιταλία #Πρωτοχρονιά #Χριστούγεννα #πιστοποίηση #Πτυχίο #ΜένουμεΣπίτι #ΟΑΕΔ #Ελλάδα… https://t.co/QYlNBit6WJ"
262,THANASIGOUNARIS,"Χτυπήσαμε κορυφή
Πρώτοι σε Θανάτους(πανεπιστήμιο John Hopkins) ανά εκατομμύριο κατοίκων
Αυτό κατάφεραν. Δε θα το ακ… https://t.co/clxmcFNjV6"
263,alexkouvelis,"""Έλεος πια"" με τις συγκινητικές-οργισμένες αναρτήσεις όσων νοσούν: ιχνηλάτηση με χιλιάδες κρούσματα δε γίνεται, να… https://t.co/znlCAAhvhK"
264,GrPressing,Γ.ΛΑΜΠΡΟΥΛΗΣ: Ξετσιπωσιά ιδιωτών να διαπραγματεύονται μέσω Covid - Περίμενα άλλα αντανακλαστικά για την ένταξή μας… https://t.co/hkz3iCWGc1
265,PanagiotisMylo6,"Άλλος ένας μύθος, που καταρρέει από τις έρευνες και ήταν γνωστό από τον Απρίλιο...Τι δεν καταλαβαίνεις...??… https://t.co/GT5tWoSmIj"
266,tolisv,Ποιός το περίμενε πέρσι τέτοια εποχή ότι παραμονές #ΧΡΙΣΤΟΥΓΕΝΝΑ 2020 θα κοιτούσαμε τα σκατά μας και θα χαιρόμασταν… https://t.co/erYIxppiZV
267,panosd77,"Εν μεσω πανδημιας, καραντινας και απαγορευσης κυκλοφοριας, χθες βραδυ ως αργα γινοταν τρελο παρτυ με χιπ χοπ μουσικ… https://t.co/S25Abjul4E"
268,EmOikonomidis,"Κικίλιας: Θα εμβολιάσουμε όλη την Ελλάδα, από τον Έβρο μέχρι το Καστελόριζο https://t.co/Bm4Cs1q6z2 #Ysterografa… https://t.co/01bo4IP5vZ"
269,ysterografa,"Κικίλιας: Θα εμβολιάσουμε όλη την Ελλάδα, από τον Έβρο μέχρι το Καστελόριζο https://t.co/sTi061Jaj9 #Ysterografa… https://t.co/A2jS01GrYr"
270,kidon_W,"Διαβάζω σε άρθρο σχετικό με τον κορωνοιό: ""Ναρκωτικά και ψυχοδραστικές ουσίες στα λύματα της Αττικής"".
ΠΕΦΤΩ ΑΠΟ ΤΑ… https://t.co/CX2XxMMgdI"
271,THANASIGOUNARIS,Η απόλυτη αποτυχία της #κυβερνηση_μητσοτακη να διαχειριστεί το δεύτερο κύμα της πανδημίας #covid_19  σ’αυτό το… https://t.co/MHVwXbt0kZ
272,47panagiotis,"RT @ThodorisAek217: #coronavirus, #Covid_19, #κορωνοϊός, #καραντινα https://t.co/TcLlQxtzjV"
273,G5shingo39,"RT @ThodorisAek217: #coronavirus, #Covid_19, #κορωνοϊός, #καραντινα https://t.co/TcLlQxtzjV"
274,spirosmouries1,"RT @ThodorisAek217: #coronavirus, #Covid_19, #κορωνοϊός, #καραντινα https://t.co/TcLlQxtzjV"
275,blue__696,Το μόνο που δε μου άλλαξε η #καραντίνα είναι τα 2 πακέτα του σαββάτου...
276,anezasp,"Τα καλά της καραντίνας: Ξεκινάει το μεσημέρι το εργασιακό μου ωράριου, με αποτέλεσμα να ξενυχτάω πιο εύκολα τς βράδ… https://t.co/yyKL0lY85v"
277,montgmoerybasic,#acs #ΕΛΛΑΔΑ #καραντινα #πανδημια #ΜΟΝΟΑΛΗΘΕΙΕΣ https://t.co/gyJGRCL7Pz
278,Belogiannis,"RT @doctvgr: Η Missy Merida μας αφιερώνει μια συλλογή σχεδίων και γράφει για τις κρίσεις πανικού
#καραντίνα
https://t.co/THgLSqRX2D"
279,italianoVeroGR,"#italianoVeroGR #Ιταλικά 🇮🇹 

#Δεκέμβριος

#Εργασία #Δουλειά #ΑΣΕΠ
#Ελλάδα #Αθήνα #Πειραιάς #Γλυφάδα #Μαρούσι… https://t.co/w7nyahgsUN"
280,DiVayena,"RT @doctvgr: Η Missy Merida μας αφιερώνει μια συλλογή σχεδίων και γράφει για τις κρίσεις πανικού
#καραντίνα
https://t.co/THgLSqRX2D"
281,GiannesT1,"#καραντινα
https://t.co/qXlYHHSqGe"
282,doctvgr,"Η Missy Merida μας αφιερώνει μια συλλογή σχεδίων και γράφει για τις κρίσεις πανικού
#καραντίνα
https://t.co/THgLSqRX2D"
283,Vasilioss,"@xenialeoni Για #καραντίνα πήγε ο άνθρωπος εκεί, για απομόνωση. Σεβομενος τα υγειονομικά μέτρα. Τον φάγατε πια. #Λεγραινά"
284,mitsozz,RT @mesagaliotis: Έβγαλα τη #μάσκα από το μέρος που παρκαρα το αυτοκίνητο μου ως στο σπίτι #τοσο_αλήτης  #καραντινα
285,mad__tweets,"Στο #j2us δεν υπάρχει καραντινα , δεν υπάρχει κορονοιος , ΔΕΝ ΥΠΑΡΧΕΙ ΚΑΝΕΝΑΣ ΕΛΕΓΧΟΣ ....

#καραντινα #κορονοιος… https://t.co/C3UrS281OR"
286,claire1_ph_d,Με βλέπω να τρώω πρόστιμο στα διόδια απόψε. #καραντινα #spitimetomega
287,rosali36648764,Όταν ο κόσμος σε αγαπάει για αυτό που είσαι και όχι γιατί δινεις iPhones 😂κατάντια #καραντινα #COVIDIOTS #j2us
288,karakad69,#COVID19 #coronavirus #CoronaVaccine #lockdown #καραντινα #κυβερνηση_χουντα #ΝΔ_Χουντα #Μητσοτακης https://t.co/mdDLLMbpHg
289,karakad69,#lockdown #COVID19 #coronavirus #καραντινα Με #κυβερνηση_Μητσοτακη ή από το εμβόλιο θα φύγουμε #CovidVaccine ή από… https://t.co/a7ABFotKaI
290,mesagaliotis,Έβγαλα τη #μάσκα από το μέρος που παρκαρα το αυτοκίνητο μου ως στο σπίτι #τοσο_αλήτης  #καραντινα
291,nikosf600,RT @Elina_Vader: Μην ανάβετε αλάρμ στην άκρη του δρόμου γιατί νομίζουμε ότι είναι μπλόκο και μας φεύγουν τα κακάκια από την κάλτσα. #καραντ…
292,tsotstsots,@j2us_greece λαο λαο λαο λαο λαο λαο λαο λαο δείξε λίγο τι έχει η θεσσαλονικη μας #καραντινα #j2usgr
293,skaigr,Μόσιαλος σε ΣΚΑΪ: Όσο περισσότερο ανοίξουμε πριν τις γιορτές τόσο μεγαλύτερο το κλείσιμο μετά (vid)  #Κόσμος… https://t.co/uQCuKJw7Kq
294,kiriakoskoulisw,"@plaka_exei 
Αυτό που το πλυντήριο πιάτων γεμίζει δύο φορές την ημέρα και το πλυντήριο ρούχων μία την εβδομάδα με ξ… https://t.co/hxG7VRa0fW"
295,Elina_Vader,Μην ανάβετε αλάρμ στην άκρη του δρόμου γιατί νομίζουμε ότι είναι μπλόκο και μας φεύγουν τα κακάκια από την κάλτσα.… https://t.co/gU0oZM1J45
296,lotofagus,RT @Teratoula: #κορονοϊος #COVID19gr #καραντινα #lockdown2gr #Χαος #Ελλαδα #Αδωνης #Ευαγγελατος #Πορδοσαλτε. https://t.co/CxgJa5fsuy
297,theveganskunk,ΚΑΤΑΒΑΣΗ ΠΕΝΤΕΛΗΣ ΜΕ ΠΟΔΗΛΑΤΟ  μέρος B' https://t.co/DhAOFQY8jP via @YouTube #ποδήλατο #ποδηλατο #αθήνα #καραντίνα… https://t.co/RUOq0D6PYn
298,Moonshine427,ΚΑΤΑΒΑΣΗ ΠΕΝΤΕΛΗΣ ΜΕ ΠΟΔΗΛΑΤΟ  μέρος B' https://t.co/8HuFND91Pd via @YouTube #ποδήλατο #ποδηλατο #αθήνα #καραντίνα… https://t.co/OtdSZLeqt3
299,akounitos,"...συν ...
RT
#ΙΟΣ #mystylerocksgr #MasterChef #Gntm #Εβρος #Ρεις #μεταναστες #ΑΟΖ #καραντίνα #theVoice https://t.co/StTlQdUant"
300,akounitos,"Πώς θα φύγουμε από αυτό τον κλοιό, όταν ηλίθιοι γλεντανε και βγαίνουν έξω χωρίς προστασία?
Το 70% των κρουσμάτων εί… https://t.co/6WjBiRlews"
301,Teratoula,#κορονοϊος #COVID19gr #καραντινα #lockdown2gr #Χαος #Ελλαδα #Αδωνης #Ευαγγελατος #Πορδοσαλτε. https://t.co/CxgJa5fsuy
302,akounitos,"Παλιά,τα εμβόλια γίνονταν στο σχολείο,με σειρά.
Τώρα,το παιδί με το βιβλιάριο παει στο ιατρείο/ΙΚΑ και κάνει 2-5 απ… https://t.co/SxDiX7bGL4"
303,akounitos,"Η τραγωδία στο Ματι(100ατ),κουνησε όλο τον κόσμο επί ένα χρόνο
Τώρα, βλέπουμε τον ίδιο αριθμό ΣΕ ΜΙΑ ΜΕΡΑ,[[😎απαθεί… https://t.co/d1lW6pQqao"
304,george_giasemis,"RT @KyriakouMakis: Ο Κώστας Τσάκωνας τα λέει ""έξω από τα δόντια"".
Συνέντευξη στον Θόδωρο Μαραγκό. Ιούλιος 2013.
#κρουσματα #ΝΔξεφτιλες #Νοτ…"
305,theveganskunk,"ΣΥΝΕΝΤΕΥΞΗ ΜΕ ΤΗΝ ΜΑΜΑ ΕΝΟΣ ΒΙΓΚΑΝ - SKUNKCASTS #2 https://t.co/8G3XgqK0B1 μέσω @YouTube 

#Ελλάδα #Αθήνα #ασβός… https://t.co/YDhCsVazq5"
306,AnzelicF,RT @uperfrwn: Δουλεύουμε από το σπίτι #καραντίνα https://t.co/Qnw5XAx1uo
307,sdegtghyh,"RT @loudobikos: Έχω την αίσθηση ότι το Σαββατοκύριακο θα έχουμε λιγότερα #κρούσματα θα πάμε καλά, να είστε αισιόδοξοι.....Σίγουρα θα γίνουν…"
308,AlexandraLavida,"RT @cheetaxe: Μία από τις ανήθικες επιθέσεις που δέχθηκε ο καθ. Ιωαννίδης από τα κομματικά ρομπότ της ΝΔ είναι, ότι υποστήριξε το: ""όλοι έξ…"
309,AlexChalkiotis,"RT @loudobikos: Έχω την αίσθηση ότι το Σαββατοκύριακο θα έχουμε λιγότερα #κρούσματα θα πάμε καλά, να είστε αισιόδοξοι.....Σίγουρα θα γίνουν…"
310,FreeopinionNews,"Γ. Παυλάκης: Το εμβόλιο θα πονάει λίγο και ίσως δημιουργεί και πυρετό, αλλά αυτό είναι παροδικό… https://t.co/U2VmZiayvr"
311,happycityblog,"Χέρια, Μάσκα, Αποστάσεις, γιατί αλλιώς...  😷
#COVID19 #καραντινα #κορωναιος https://t.co/jDHhxnPQ9F"
312,trooperas,"Μάλιστα...:
Ιστορίες Ζωής: Έχασε την όρασή του - Βρήκε ''φως'' μέσα από τη μουσική  | https://t.co/Q8T8qOmujM |… https://t.co/RZ4B55CVYF"
313,mikros_prigkipa,RT @2008So: Περιμένω να δω πότε θα έρθει ο Κικίλιας στη Θεσσαλονίκη να ανακοινώσει ότι θα μας ασβεστώσουνε #καραντινα
314,havefaith07,"RT @oiataktoi: 11/11: #Ιερώνυμος σε #καραντίνα
14/11: Συνάντηση με Μητσοτάκη
Γιατί έσπασε την καραντίνα ο Ιερώνυμος και έθεσε τη δημόσια υγ…"
315,trooperas,"Ας διαβάσουμε και κάτι διαφορετιό:
Ο κ. Γιάννης στέλνει 6 και βγάζει βόλτα τη γάτα του, τη Λάντα |… https://t.co/LGyWj2Jocc"
316,iba_gr,"RT @cheetaxe: Μία από τις ανήθικες επιθέσεις που δέχθηκε ο καθ. Ιωαννίδης από τα κομματικά ρομπότ της ΝΔ είναι, ότι υποστήριξε το: ""όλοι έξ…"
317,Anaktisis1,"RT @PanagiotisMylo6: Αυτή δυστυχώς είναι η αλήθεια. Το lockdown ήλθε για να μείνει...Μόνον ο λαός μπορεί να το ανατρέψει...!!
#coronavirus…"
318,happycityblog,Έχω μια θεία που ξέρει ότι και στον Κορωναίο πιστεύω και θα κάνω το εμβόλιο. Κάθε 2η μέρα μου στέλνει link από θεωρ… https://t.co/ws6HN67YOH
319,PanagiotisMylo6,Αυτή δυστυχώς είναι η αλήθεια. Το lockdown ήλθε για να μείνει...Μόνον ο λαός μπορεί να το ανατρέψει...!!… https://t.co/UatL1jOfiE
320,loudobikos,"Έχω την αίσθηση ότι το Σαββατοκύριακο θα έχουμε λιγότερα #κρούσματα θα πάμε καλά, να είστε αισιόδοξοι.....Σίγουρα θ… https://t.co/oXTW1eXtHJ"
321,zygos6868,"Βούλα Η Πόρσε και οι εργάτες που πέρασαν την καραντίνα σε φυτώριο κάνναβης
https://t.co/dSIKNspzlI
#Βούλα
#Πόρσε… https://t.co/xwPb3sNDRq"
322,magdaki,"Μπλουζάκι tie-dye, παντελόνι πυτζαμας καρώ και εμπριμέ κάλτσες. Πάλι καλά να λέω που ο άλλος έφυγε μόνο στα καράβια. 🤷🏻‍♀️ #καραντίνα"
323,ESCUELA_ELGRECO,"#ESCUEΛA #ΙΣΠΑΝΙΚΑ
#ΠαγκόσμιαΗμέρα #Ιατρός #Δεκέμβριος #Ελλάδα  #Καραντίνα #Αθήνα #Θεσσαλονίκη #Πειραιάς #Κρήτη… https://t.co/8RUrpOgArQ"
324,combinegr,"#κυβερνηση_τσιρκο #lockdown2gr #COVID19gr 
Μα γιατί δεν πέφτουν τα #κρούσματα μαμά ενώ είμαστε ήδη ένα μήνα σε… https://t.co/fIejk0XSeh"
325,GatherCAST,"RT @Evoia40: Το #Lockdown2 είναι εδώ
Στο Αιγαίο φυσούν πολλά μποφόρ
Κλειστά παντζούρια, αναμνήσεις με τα παιδιά γύρω από το τραπέζι...
Τώρα…"
326,Guardofmind1,@bankingnewsgr Νταξ......απογειωθηκαμε....βζιν.....κ για αλλη μια φορα η ιδια ιστορια μετα το 81.....η νδ αφηνει χε… https://t.co/h6TXBszsF7
327,TsakiriMartha,"RT @aigeas: η καινούργια #δικτατορια που εφεύρεσαν οι #ελιτ, λέγεται ΙΑΤΡΙΚΗ ΔΙΚΤΑΤΟΡΙΑ.
#ΙατρικηΔικτατορια
#κορονοϊος
#κορωνοιος
#μενουμεα…"
328,italianoVeroGR,"#italianoVeroGR #Ιταλικά 🇮🇹 

#Δεκέμβριος

#Εργασία #Δουλειά #ΑΣΕΠ
#Ελλάδα #Αθήνα #Πειραιάς #Γλυφάδα #Μαρούσι… https://t.co/RC3Q8pgIIy"
329,VoyagerStII,RT @karakad69: Η #κυβερνηση_Μητσοτακη στοχοποιεί βγάζει σπυριά σε οτιδήποτε μυρίζει Έθνος κ Χριστιανισμό.  Με πρόσχημα τον #COVID χτυπά την…
330,karakad69,Η #κυβερνηση_Μητσοτακη στοχοποιεί βγάζει σπυριά σε οτιδήποτε μυρίζει Έθνος κ Χριστιανισμό.  Με πρόσχημα τον #COVID… https://t.co/5EdgFEHLYm
331,trooperas,"Ίσως σε ενδιαφέρει: 
Ιστορίες Ζωής: Έχασε την όρασή του - Βρήκε ''φως'' μέσα από τη μουσική  |… https://t.co/QHnOxlFhCL"
332,Panos01232110,"Μέσα σε 2 καραντίνες έχω αγοράσει μαγιό και 2 μπλούζες (που δεν ήρθαν ποτέ!!!), 2 καφετιέρες, 1 ηλεκτρική σκούπα, 1… https://t.co/fxCw7QB8HM"
333,diagoupi,RT @thanasima_agna: Aν τα λοκνταουν ειχαν προσωπο. #lockdown2 #καραντινα #κρουσματα #XairetaMouTonPlatano @diagoupi https://t.co/sCI74HYLoU
334,theveganskunk,ΣΥΝΕΝΤΕΥΞΗ ΜΕ ΤΗΝ VEGAN GECKO - #SKUNKCASTS  #5 https://t.co/oPFTiJCL2t via @YouTube #vegan #podcast #ΕΛΛΑΔΑ… https://t.co/F2l1Da1FiX
335,Moonshine427,ΣΥΝΕΝΤΕΥΞΗ ΜΕ ΤΗΝ VEGAN GECKO - #SKUNKCASTS  #5 https://t.co/YvljvQiWJB via @YouTube #vegan #podcast #ΕΛΛΑΔΑ… https://t.co/QcpgSb6Beu
336,Fotinos82,Το κακό στην #υγεία και την #οικονομία έχει γίνει. Καταστροφή. Ας μην γίνει το άνοιγμα του #λοκνταουν τόσο άτσαλα κ… https://t.co/PNlHKeBw2Y
337,thanasima_agna,Aν τα λοκνταουν ειχαν προσωπο. #lockdown2 #καραντινα #κρουσματα #XairetaMouTonPlatano @diagoupi https://t.co/sCI74HYLoU
338,TVG6fX5TCKWVpOB,"RT @FainaRom_parody: Δουλα: Από το Κολωνάκι στην Πάρνηθα, ΜΙΑ #ΚΑΡΑΝΤΙΝΑ ΔΡΟΜΟΣ!
Yolo Κουλη!YOLO!
#κυβερνηση_Μητσοτακη #κυβερνηση_τσιρκο #π…"
339,MgtMar1,"RT @Marilou46: Θα το κάνω αφίσα και θα κυκλοφορώ με αυτό. Ας έρθουν οι αστυνομικοί να μου πουν ό,τι θέλουν 😡
#κορονοιος #Μητσοτακης #ΝΔ #ΝΔ…"
340,CopernicusN2,"Επειδής η #καραντινα θέλει καλή φυσική κατάσταση, ξεκινάμε σιγά-σιγά γυμναστική..! https://t.co/IPURVh34mD"
341,mantiskalchas,"RT @Marilou46: Θα το κάνω αφίσα και θα κυκλοφορώ με αυτό. Ας έρθουν οι αστυνομικοί να μου πουν ό,τι θέλουν 😡
#κορονοιος #Μητσοτακης #ΝΔ #ΝΔ…"
342,FainaRom_parody,"RT @FainaRom_parody: Δουλα: Από το Κολωνάκι στην Πάρνηθα, ΜΙΑ #ΚΑΡΑΝΤΙΝΑ ΔΡΟΜΟΣ!
Yolo Κουλη!YOLO!
#κυβερνηση_Μητσοτακη #κυβερνηση_τσιρκο #π…"
343,kostaspampalis,"RT @Marilou46: Θα το κάνω αφίσα και θα κυκλοφορώ με αυτό. Ας έρθουν οι αστυνομικοί να μου πουν ό,τι θέλουν 😡
#κορονοιος #Μητσοτακης #ΝΔ #ΝΔ…"
344,grantjoky,Δεν έχω πλάστη και τα σούπερ μάρκετ απαγορεύεται να πουλήσουν ήδη σπιτιού.. ανοίγω φύλλο με ρόλο από χαρτί κουζίνας… https://t.co/NFdRbDNpD7
345,tikas490,"RT @Marilou46: Θα το κάνω αφίσα και θα κυκλοφορώ με αυτό. Ας έρθουν οι αστυνομικοί να μου πουν ό,τι θέλουν 😡
#κορονοιος #Μητσοτακης #ΝΔ #ΝΔ…"
346,Galanolefko,"RT @YannisBiniaris: Κάνεις δεν μπορεί να σου επιβάλει τον εμβολιασμό!
https://t.co/ehX0RfrLTm

#Εμβολιο #καραντινα #κορωνοϊός #ΓαλανόλευκοΣ…"
347,TigerDragon41,"RT @Marilou46: Θα το κάνω αφίσα και θα κυκλοφορώ με αυτό. Ας έρθουν οι αστυνομικοί να μου πουν ό,τι θέλουν 😡
#κορονοιος #Μητσοτακης #ΝΔ #ΝΔ…"
348,ispring50,"RT @Marilou46: Θα το κάνω αφίσα και θα κυκλοφορώ με αυτό. Ας έρθουν οι αστυνομικοί να μου πουν ό,τι θέλουν 😡
#κορονοιος #Μητσοτακης #ΝΔ #ΝΔ…"
349,kiriaki03867538,"RT @Marilou46: Θα το κάνω αφίσα και θα κυκλοφορώ με αυτό. Ας έρθουν οι αστυνομικοί να μου πουν ό,τι θέλουν 😡
#κορονοιος #Μητσοτακης #ΝΔ #ΝΔ…"
350,Marilou46,"Θα το κάνω αφίσα και θα κυκλοφορώ με αυτό. Ας έρθουν οι αστυνομικοί να μου πουν ό,τι θέλουν 😡
#κορονοιος… https://t.co/r8omaD1X4c"
351,NIptamenos,"Μικρή μείωση διασωληνωμενων, αλλά με πολλούς νεκρούς... Μικρή κάμψη κρουσμάτων, αλλά με μειωμένο αριθμό τεστ...… https://t.co/mjZWXxzdks"
352,CraftyReally,"RT @IloveTV12840829: Μ'αυτά και με τ'άλλα,πέρασε στα ψιλά η είδηση του θανάτου του Gene Deitch.""ποιος είναι αυτος;"" Ο δημιουργός των Τομ κα…"
353,YannisBiniaris,"Κάνεις δεν μπορεί να σου επιβάλει τον εμβολιασμό!
https://t.co/ehX0RfrLTm

#Εμβολιο #καραντινα #κορωνοϊός #ΓαλανόλευκοΣτέκι"
354,Kriskri31822172,"RT @cheetaxe: Οι θάνατοι που προκύπτουν από τα #λοκνταουν. (2/2)
#κορονοιος #COVID19gr #COVID19greece #COVID19 #lockdown #lockdown2gr #lock…"
355,trooperas,"Ίσως σε ενδιαφέρει: 
Φεστιβάλ Νέων Χορογράφων: Δεκαπέντε ώρες δωρεάν στο YouTube κανάλι του Ιδρύματος Ωνάση |… https://t.co/n4eTXl7wOa"
356,GrPressing,"Οι ακροατές ρώτησαν ο Στ.Καρκατσέλιος απάντησε - Αναστολές, επίδομα θέρμανσης, δώρα, 120 δόσεις κ.ά. (ηχητικό)… https://t.co/gwlmYaoeFx"
357,SKGvirusGR,Σταματήστε να κατουρατε στις τουαλέτες!!! Μας καταγράφουν!!! Όλοι σήμερα στις 20:00 για κατουρημα διαμαρτυρίας στη… https://t.co/r0mMD0UYs6
358,Wolfophobic2,"RT @cheetaxe: Οι θάνατοι που προκύπτουν από τα #λοκνταουν. (2/2)
#κορονοιος #COVID19gr #COVID19greece #COVID19 #lockdown #lockdown2gr #lock…"
359,cheetaxe,"Οι θάνατοι που προκύπτουν από τα #λοκνταουν. (2/2)
#κορονοιος #COVID19gr #COVID19greece #COVID19 #lockdown… https://t.co/KYPezGCpFv"
360,mel75801,"RT @cheetaxe: Παραδείγματα κινδύνου θανάτου (αν μολυνθεί) για άτομο 50 - 55 ετών.
Αποκάλυψη του καθ. Ιωαννίδη για την άθλια επίθεση στην μη…"
361,mel75801,"RT @cheetaxe: Οι θάνατοι που προκύπτουν από τα #λοκνταουν. (1/2)
#κορονοιος #COVID19gr #COVID19greece #COVID19 #lockdown #lockdown2gr #lock…"
362,cheetaxe,"Οι θάνατοι που προκύπτουν από τα #λοκνταουν. (1/2)
#κορονοιος #COVID19gr #COVID19greece #COVID19 #lockdown… https://t.co/Whx2I58wQg"
363,trooperas,"Ενδιαφέρον: 
Η νέα Monopoly των Metallica ""World Tour"" έχει θέμα τις περιοδείες τους σε επτά ηπείρους |… https://t.co/fnP4VT2RLA"
364,MariaAnt1,"Έφτασα στο σημείο να μου έχουν τελειώσει οι αναπτήρες από τα hondos center!
Πρέπει ν' ανοίξουν τα μαγαζιά SOS… https://t.co/rfqXNxN5Wv"
365,GiannesT1,"RT @Marka149133376: Απίστευτη δήλωση από το #Σωτηρη : «Θελουμε να βοηθήσουμε να υπάρχει και μια ποιοτική μετάβαση προς το θάνατο»‼️
Ρε παιδ…"
366,italianoVeroGR,"#italianoVeroGR #Ιταλικά 🇮🇹

#Ιταλία #Μαθήματα #Βενετία #Ταξίδια

#Εργασία #Δουλειά #ΑΣΕΠ #Σπουδές #ΟΑΕΔ

#Ελλαδα… https://t.co/5Tle1eTvYM"
367,trooperas,":)
Ισπανία: Τακτικοί πελάτες πολλών μπαρ προπληρώνουν τα ποτά τους και τα ""σώζουν"" | https://t.co/V155gQbxqc |… https://t.co/hh5NxgqtKG"
368,AggelikiAggel,"Το ""γάμησε τα"" πιάνει για ανασκόπηση χρονιάς; Δεν έχω άλλη πιο κατάλληλη #Karantina #2020worstyear #καραντινα"
369,TwUserN,@cstaikouras @Realfm978 440.000 ΜΑΚΡΟΧΡΟΝΙΑ ΑΝΕΡΓΟΙ πανω απο 2 ετη δεν λαμβανουν κανενα επίδομα η βοήθημα ουτε για… https://t.co/fDhAx4hx8H
370,TwUserN,@FofiGennimata 440.000 ΜΑΚΡΟΧΡΟΝΙΑ ΑΝΕΡΓΟΙ πανω απο 2 ετη δεν λαμβανουν κανενα επίδομα η βοήθημα ουτε για φαρμακα ε… https://t.co/yWSXtaYyf6
371,TwUserN,@VroutsisGiannis 440.000 ΜΑΚΡΟΧΡΟΝΙΑ ΑΝΕΡΓΟΙ πανω απο 2 ετη δεν λαμβανουν κανενα επίδομα η βοήθημα ουτε για φαρμακα… https://t.co/xY4Yp85is5
372,ziburon,Λόγω ανικανότητας madame_Χατζηδάκη πληρώνουμε ακριβότερο ρεύμα από προηγούμενη #καραντινα 48Ε/MW(χρηματ/ριο ενέργει… https://t.co/8pejj6yorf
373,trooperas,"Πρέπει να το διαβάσεις: 
Παγκόσμιο Βραβείο Δασκάλου: 1 εκ. σε Ινδό που έκανε μάθημα σε φτωχά κορίτσια - Χάρισε το μ… https://t.co/xs5a5wkS1L"
374,theveganskunk,ΚΑΤΑΒΑΣΗ ΠΕΝΤΕΛΗΣ ΜΕ ΠΟΔΗΛΑΤΟ  μέρος Α' https://t.co/bQv4W3MXmo μέσω @YouTube #ποδήλατο #καραντινα #καραντίνα… https://t.co/PyPWUv0HYV
375,PanagiotisMylo6,"Any suggestions from infections diseases specialists for this pandemic that coming very soon...?
#pandemic… https://t.co/uZSq7P6Wej"
376,GArampantzis,"RT @fiat4x4_gr: Εγώ δε θέλω μεροκάματο.
Θέλω χιλιάρα μηχανή και θάνατο...
#μαρεβα #Μητσοτακης #Παρνηθα #κορωνοιος #καραντινα #lockdowngr2 #…"
377,TrotskyTheReal,"RT @papalampidou: Οταν ξυπνάς το πρωί και αντί για τον καφέ σκέφτεσαι πότε θα έρθει το βράδυ να αρχίσεις τα aperol, υπάρχει πρόβλημα.
#κατι…"
378,_AsAp_12,Ζητείται οικογένεια (αυστηρά μέχρι 3 άτομα) για στολισμό χριστουγεννιάτικου δέντρου  σε ένα ευχάριστο εορταστικό κλ… https://t.co/1uJqQUFxRs
379,papalampidou,"Οταν ξυπνάς το πρωί και αντί για τον καφέ σκέφτεσαι πότε θα έρθει το βράδυ να αρχίσεις τα aperol, υπάρχει πρόβλημα.… https://t.co/6YFZROGFoy"
380,Teratoula,"Εχω πρόβλημα κοινωνικοπολιτικό
δεν μπορώ σ'αυτό το σύστημα να ενταχτώ
θέλω να αλλάξω τον κόσμο και ο κόσμος δεν με… https://t.co/6OYeO03P9Q"
381,thesnea24,"Lockdown παράταση: Πότε θα ανοίξουν κομμωτήρια και λιανεμπόριο
#Αγορά #Καραντίνα
https://t.co/sPTqxbSO9B https://t.co/1JiGk2PWRO"
382,VerginaTv,"Lockdown παράταση: Πότε θα ανοίξουν κομμωτήρια και λιανεμπόριο
#αγορά #Καραντίνα 
https://t.co/X54PZnM5Lf"
383,akounitos,"#Πολλ
Ποιος συνθέτης, σας άρεσε?
RT
#ΙΟΣ #mystylerocksgr #MasterChef #Gntm #Εβρος #Ρεις #μεταναστες #ΑΟΖ #καραντίνα #theVoice"
384,aigeas,"Economist 2015, εξώφυλλο
αστυνομικός με μάσκα και γάντια όλως τυχαίως πίσω από τον κινεζούλη...
#ελιτ… https://t.co/CtA3x02V5I"
385,aigeas,"και μιας και μιλάμε για ελιτιακές ""συμπτώσεις""...
#TheCovid19Aftermath
#ελιτ
#ΙατρικηΔικτατορια
#κορονοϊος… https://t.co/5mLbn8mRWd"
386,aigeas,"RT @aigeas: Η συμφωνηθείσα τιμή που θα καταβάλλει η #ΕΕ στις #Pfizer/BioNTech είναι 19,50 δολάρια/δόση
https://t.co/h98z6KSNYj
Μέχρι τώρα σ…"
387,aigeas,"1981, πρίγκηπας Φίλιππος: όταν μετενσαρκωθώ θέλω να επιστρέψω ως ανθρώπινος θανατηφόρος ιός.
Και 1 ιός που φοράει κ… https://t.co/gRtAV1ojq1"
388,GiannesT1,"#Κορωνοιος
#κορονοιος
#κορωνοιος
#καραντινα2
#καραντινα
#Λοκνταουν2
#Λοκνταουν
#λοκνταουν
#λοκνταουν2
#Πολιτικη… https://t.co/CcGbtsy4V3"
389,italianoVeroGR,"#italianoVeroGR #Ιταλικά 🇮🇹

#Μιλάνο #Ιταλία #Μάθημα #Ταξίδι #Εκδρομή #Πρωτοχρονιά #Σπουδές #Εργασία #ΑΣΕΠ #ΟΑΕΔ… https://t.co/e1SZTpxhTk"
390,tilevoasartas,"#Γεροβασίλη: Σε #καραντίνα μπαίνουν οι άνθρωποι. Όχι η #ενημέρωση, η #κριτική και η #δημοκρατία

«Η ευρωπαία επίτρο… https://t.co/em67lcQh4G"
391,K_Angelique,#καραντινα2 #καραντινα #κορονοιος #COVID19gr #ΕΛΛΑΔΑ #Greece https://t.co/dmFbmDqQ5s
392,nisafi2008,"Η διατίμηση των τεστ για τον κορονοϊο παρόλες τις δηλώσεις των κυβερνητικών, δεν ισχύει ακόμη με σχετικό νόμο και τ… https://t.co/LqeHukn4Fj"
393,GiannesT1,#καραντινα https://t.co/FFDCSn6xWh
394,PharmacyNChorio,"Όταν νιώθεις άσχημα για μεγάλο διάστημα, τότε κάτι γίνεται λάθος. Δώσε χρόνο στον εαυτό σου. Πρόσθεσε κάτι #υγιεινο… https://t.co/tpJxxQ6G68"
395,GrPressing,"Συγκινητικά μηνύματα για τον απεργό πείνας του ΠΓΝΛ, αλλά κι ένα πιο συγκινητικό απ' τα άλλα...… https://t.co/d9Pgarelrd"
396,doctvgr,"Η Missy Merida μας αφιερώνει μια συλλογή σχεδίων και γράφει για τις κρίσεις πανικού
#καραντίνα
https://t.co/THgLSqRX2D"
397,OplarXig,"RT @YannisBiniaris: #Lockdown, #καραντινα &amp; περιορισμοί . Μόνο για Χριστιανούς Πατριώτες:
https://t.co/HdfpYqtCtQ

#"
398,kidon_W,"Προσπαθώ να αποφασίσω αν ο Νοέμβριος μου φάνηκε εβδομάδα ή εξάμηνο.
Γιατί μήνας δεν ήταν. #Νοέμβριος #καραντινα2… https://t.co/aaTR9wEkJx"
399,Galanolefko,"RT @YannisBiniaris: #Lockdown, #καραντινα &amp; περιορισμοί . Μόνο για Χριστιανούς Πατριώτες:
https://t.co/HdfpYqtCtQ

#"
400,theveganskunk,ΚΑΤΑΒΑΣΗ ΠΕΝΤΕΛΗΣ ΜΕ ΠΟΔΗΛΑΤΟ  μέρος Α' https://t.co/bQv4W3MXmo μέσω @YouTube #ποδήλατο #καραντινα #καραντίνα… https://t.co/AtCL3aQQ4T
401,YannisBiniaris,"#Lockdown, #καραντινα &amp; περιορισμοί . Μόνο για Χριστιανούς Πατριώτες:
https://t.co/HdfpYqtCtQ

#"
402,GrPressing,Βαριές κουβέντες απ’ τον Λ.ΤΣΑΠΑΛΗ στον Pressing 90.1: Πανηγύρι με τον Covid - Νιώθει ένοχη η διοίκηση του ΠΓΝΛ – Θ… https://t.co/8ANxjlu39R
403,palmografos,"#Πετσας #καραντινα #lockdown #Covid19gr #κορωνοϊός
https://t.co/PkRAoZ154x"
404,mikros_prigkipa,RT @2008So: Περιμένω να δω πότε θα έρθει ο Κικίλιας στη Θεσσαλονίκη να ανακοινώσει ότι θα μας ασβεστώσουνε #καραντινα
405,dimos_82,"Δεν φτάνει που είμαστε με την #καραντίνα όλη μέρα σπίτι, έφτιαξα και πρασόρυζο! Δηλαδή πόσο με μισώ??? 

#άτιμε_Χαρδαλιά"
406,akounitos,"είναι αλήθεια , ότι η ΕΕ έδωσε ευκαιρία στους #μετανάστες_πρόσφυγες , να έχουν παροχές και στα μέλη των οικογενειών… https://t.co/g7rUgWqM09"
407,akounitos,"μετά το σκάνδαλο με τις 2 (διπλές) βάσεις των #κρουσμάτων , πιστεύετε τις αποφάσεις και διαγγέλματα της #κυβέρνησης… https://t.co/loJE1b4nIr"
408,italianoVeroGR,"#italianoVeroGR #Ιταλικά 🇮🇹

#Ιταλία #ΜένουμεΣπίτι #Καραντίνα #MenoumeSpiti

#Ελλάδα #Αθήνα #Πειραιάς #Γλυφάδα… https://t.co/y5ORxhn9VK"
409,mairn_pap,RT @Manos_K_A: Να τα αλλάξω. #κορωνοιος #κορονοιος #καραντινα #εμβολιο
410,GenikoKraktiko,"🎶🎶Να σε χτενίσω είναι αργά, η ρίζα στα πατώματα, με κυνηγούν οι μέλισσες κι εσύ, που δε με χτένισες🎶🎶🎶
Ανοίξτε τα κ… https://t.co/6pf9sbuJoL"
411,marylin45277502,"RT @PenelopeD10: Ο #ΜΗΤΣΟΤΆΚΗΣ ΓΝΩΡΙΖΕ ΤΑ ΠΑΝΤΑ για τα λάθη στα δεδομένα του #COVID19gr
(από ""Δημοκρατία"")
#lockdown2gr #καραντινα #ΝΔ_ΑΠΑΤ…"
412,tina_koul,RT @ALPHA_TV: #alphanews Παράταση της καραντίνας μέχρι τις 14 Δεκεμβρίου. #καραντινα https://t.co/f1PWGOWNHE
413,VeganBot1,RT @theveganskunk: ΣΥΝΤΑΓΗ ΓΙΑ ΠΙΠΕΡΟΠΙΤΑ ΜΕ ΜΕΛΙΤΖΑΝΕΣ - TASTE TEST ΦΥΛΛΟ ΑΠΌ ALFA ΖΥΜΕΣ https://t.co/7Df0iggFrt via @YouTube #recipe #veg…
414,petkrt,RT @diama15: Τόσα χρόνια τουιτερ μας έχουν γλιτώσει τα κεντρικά πολλά λεφτά απο τους ψυχιατρους αλλά προβλέπω τώρα με #καραντινα να μην την…
415,theveganskunk,ΣΥΝΤΑΓΗ ΓΙΑ ΠΙΠΕΡΟΠΙΤΑ ΜΕ ΜΕΛΙΤΖΑΝΕΣ - TASTE TEST ΦΥΛΛΟ ΑΠΌ ALFA ΖΥΜΕΣ https://t.co/7Df0iggFrt via @YouTube #recipe… https://t.co/fZPNio1Pki
416,IloveTV12840829,Έεεεεετσι! Γιατί δε βγαίνει αλλιώς η #καραντινα https://t.co/ex8GOf02wH
417,MariKiti3,"Άποψή μου είναι να ανοίξουν τα σχολεία, να επιστρέψουν στη δουλειά οι γονείς και μετά να κάτσουμε εμείς που δεν είμ… https://t.co/orOkfK9cfw"
418,amna_news,"Σε #καραντίνα οι Ιταλοί που θα επιστρέψουν από το εξωτερικό μετά τις γιορτές

https://t.co/8NJtCF8wil

#Ιταλία… https://t.co/Ibt74kpv5A"
419,druginaplug,RT @ALPHA_TV: #alphanews Παράταση της καραντίνας μέχρι τις 14 Δεκεμβρίου. #καραντινα https://t.co/f1PWGOWNHE
420,ALPHA_TV,#alphanews Παράταση της καραντίνας μέχρι τις 14 Δεκεμβρίου. #καραντινα https://t.co/f1PWGOWNHE
421,kefalonitikanea,"Ανοίγουν την Δευτέρα τα μαγαζιά με Χριστουγεννιάτικα είδη #Lockdown #Ειδήσεις #Εμπόριο #Καραντίνα | 
 https://t.co/JHy0IsxJHP"
422,john_wayne_gr,"Ήρθαν σε επαφή χωρίς προφυλάξεις με επιβεβαιωμένο κρούσμα #COVID19gr και δε μπήκαν σε #καραντίνα, όπως λένε οι οδηγ… https://t.co/YY6YcurNYr"
423,theveganskunk,ΚΑΤΑΒΑΣΗ ΠΕΝΤΕΛΗΣ ΜΕ ΠΟΔΗΛΑΤΟ  μέρος Α' https://t.co/bQv4W44yKY μέσω @YouTube #ποδήλατο #καραντινα #καραντίνα… https://t.co/nnkeLSkHur
424,Manos_K_A,Να τα αλλάξω. #κορωνοιος #κορονοιος #καραντινα #εμβολιο
425,italianoVeroGR,"#italianoVeroGR #Ιταλικά 🇮🇹

#Ιταλία #Μαθήματα #Βενετία #Βενετια #Ταξίδια

#Εργασία #Δουλειά #ΑΣΕΠ #Σπουδές #ΟΑΕΔ… https://t.co/lxoYMBa9hL"
426,aRTistokratissa,"Αναμνήσεις από την #καραντινα 1: ""Tο βασίλειο μου για έναν καφέ""... https://t.co/bykPGvSGhD #καραντινα2 #lockdowngr2"
427,A_Cherry_Lady,Σχέδιο άρσης περιοριστικών μέτρων: #κορωνοιος #COVID19gr #Karantina #καραντινα #Covid_19 #περιοριστικα #μετρα… https://t.co/Z55MQ0ScDR
428,trooperas,":)
Δανία: Η μεγαλύτερη συλλογή έργων της τέχνης από γυαλί  | https://t.co/eTFYYo34yM | #covid19 #μενουμεστοσπιτι… https://t.co/HfhJKfwOD7"
429,combinegr,"Σφάζουν την #κυβερνηση_Μητσοτακη οι ""Ζαίοι"" του Politico για το σπάσιμο της #καραντινα στην #Παρνηθα και για τα Gre… https://t.co/w9nx5inY8I"
430,VoyagerStII,#ανοχη_τελος #απαγορευση_κυκλοφοριας #Βουλή  #γεραπετριτης_στατς #Δημος_Αθηναιων #δημοκρατια #διαγγελμα #Ελλάδα… https://t.co/JoxgiGLydd
431,toumpouza,"Φέρνω τα πέρατα κοντά, ωχ! καρτεράω μιαν αγκαλιά.
Σαν καλοκαιριά, σαν την καλοκαιριά.
Και κάθε βράδυ σ’ έχω αγκαλιά… https://t.co/kOvQSkgr1C"
432,YKalatzis,"RT @GiannesT1: #ΝΔ_ξεφτιλες
#ΝΔ_θελατε
#ΝΔ_αλητες
#ΝΔ_Χουντα
#ΝΔ_ΑΠΑΤΕΩΝΕΣ
#ΝΔεγκληματιες
#ΝΔδολοφονοι
#καραντινα
#κορονοϊος
#COVID19
Οι φο…"
433,efstrok,"RT @GTrapeziotis: Τί να τις κάνεις τις Μονάδες Εντατικής Θεραπείας, όταν έχεις Μονάδες Εντατικής Προπαγάνδας; #διαγγελμα_Μητσοτακη #καραντι…"
434,akounitos,"Η #κυβέρνηση έκανε δύο ξεχωριστές συμβάσεις 
Η καθε μία  έχει διαφορετικά αποτελέσματα μέτρησης των κρουσμάτων🖕

Εά… https://t.co/jsTEyIs7q6"
435,akounitos,"@Ruud355 &amp;&amp; Εισαγγελέας
&amp;&amp; ΕΣΗΕΑ
&amp;&amp; Δικηγορος με αρχι...α,για μήνυση/    ασφαλιστικά/αγωγή
&amp;&amp; γιαουρτι
&amp;&amp; ΕΣΡ
&amp;&amp; ΕΣ… https://t.co/U3MokZaq13"
436,akounitos,"@PoytinaIrina Γιατί όμως λες ?.......

[Γιατί είναι η Πρώτη, που θα απαιτεί κάρτα #εμβολίου για να μπουν στο αεροπλ… https://t.co/OSCoeqzr8c"
437,akounitos,"(Κορυφαίες τάσεις στο twitter 2/12/20)

Μην περιμένετε φως.
Βυθιζόμενα, αλλά δεν το λέμε 🚣

RT
#ΙΟΣ #mystylerocksgr… https://t.co/q5FWeo3TCt"
438,akounitos,"Ο #κυβερνήτης της χώρας έκανε ποδήλατο στην Πάρνηθα με ομάδα &gt;3,χωρίς μάσκες,χωρίς αποστάσεις(3 κλήσεις)
Εγώ έγκλει… https://t.co/Hr77jFL2hE"
439,MariaKappatou,"#καραντινα #κυβερνηση_τσιρκο
#ΝΔ_ξεφτιλες https://t.co/PvJ2ZmP4Cf"
440,palmografos,"#κορωνοϊός #Covid19 #καραντίνα #lockdown
https://t.co/c5XK4vhzFj"
441,mairn_pap,RT @johndk7: Άρθρο από το 2015: Η ισπανική γρίπη του 1918 προκλήθηκε από…εμβολιασμούς και ΟΧΙ από τη δήθεν «γρίπη». ΠΑΕΙ ο ΚΩΛΟνοϊός του ΚΟ…
442,mairn_pap,"RT @johndk7: Η ΠΑΘΟΛΟΓΟΣ #ΕΥΗ_ΚΙΑΓΙΑ ΜΙΛΑΕΙ ΓΙΑ ΤΗΝ AΠATΗ ΤΟΥ ΚΟΡΩΝΟΙΟΥ (29-11-2020) / #lockdown #καραντίνα #κορωνοϊός #ΜΑΣΚΕΣ  #ΕΜΒΟΛΙΑ

h…"
443,v_photowed,"RT @PermaWarGR: Αθηνά Λινού: ""Ο #ιός έχει μπει πλέον στα σπίτια μας. Γι' αυτό δεν αποδίδει η #καραντίνα""!

Τότε γιατί ρε μας κρατάτε μέσα;…"
444,GiannesT1,"#ΝΔ_ξεφτιλες
#ΝΔ_θελατε
#ΝΔ_αλητες
#ΝΔ_Χουντα
#ΝΔ_ΑΠΑΤΕΩΝΕΣ
#ΝΔεγκληματιες
#ΝΔδολοφονοι
#καραντινα
#κορονοϊος… https://t.co/BPDJBuKqsL"
445,PermaWarGR,"Αθηνά Λινού: ""Ο #ιός έχει μπει πλέον στα σπίτια μας. Γι' αυτό δεν αποδίδει η #καραντίνα""!

Τότε γιατί ρε μας κρατάτ… https://t.co/eA7e0Pcxoe"
446,LifeIsABeachMK,RT @gvlachos6: Σχεδόν vertigo #goodmorning #Lockdown2 #καραντινα https://t.co/9tEM2LXQSI
447,diama15,Τόσα χρόνια τουιτερ μας έχουν γλιτώσει τα κεντρικά πολλά λεφτά απο τους ψυχιατρους αλλά προβλέπω τώρα με #καραντινα… https://t.co/anr1Tj6um7
448,TinosEisaiSi,"Με όλα αυτά που ζούμε νιώθω πως παίζουμε στο hunger games....
#lockdown2gr 
#κυβερνηση_τσιρκο 
#καραντινα 
#κουλης… https://t.co/NLbAQN94za"
449,italianoVeroGR,"#italianoVeroGR #Ιταλικά 🇮🇹

#Ιταλία #Μουσική #Τραγούδια #Πολιτισμός
#Εργασία #Δουλειά #ΑΣΕΠ #Σπουδές #Λογοτεχνία… https://t.co/5s1UjAPcyM"
450,ESCUELA_ELGRECO,"#ESCUEΛA #ΙΣΠΑΝΙΚΑ
#ΠαγκόσμιαΗμέρα κατα της #Σκλαβιά #Δεκέμβριος #Ελλάδα #Καραντίνα #Αθήνα #Θεσσαλονίκη #Πειραιάς… https://t.co/qh3AkpQMoZ"
451,trooperas,":)
Θεσσαλονίκη: Γιατροί και φοιτητές ιατρικής έπαιξαν μουσική έξω από το ""Παπανικολάου"" | https://t.co/a3hMWG6AFa |… https://t.co/cYLpSbXTEN"
452,Amazon_Roxy,"RT @3dbiela: Παρκαρισμένη στην άκρη του δρόμου, ένας νεαρός  χτυπάει ο κουδούνι της διπλανής πολυκατοικίας 
«Μαμα, τι κάνετε? Δεν θα ανέβω,…"
453,MonikaDachi,"RT @3dbiela: Παρκαρισμένη στην άκρη του δρόμου, ένας νεαρός  χτυπάει ο κουδούνι της διπλανής πολυκατοικίας 
«Μαμα, τι κάνετε? Δεν θα ανέβω,…"
454,mikri_xwriat,"RT @3dbiela: Παρκαρισμένη στην άκρη του δρόμου, ένας νεαρός  χτυπάει ο κουδούνι της διπλανής πολυκατοικίας 
«Μαμα, τι κάνετε? Δεν θα ανέβω,…"
455,ArchaiosPolitis,"RT @3dbiela: Παρκαρισμένη στην άκρη του δρόμου, ένας νεαρός  χτυπάει ο κουδούνι της διπλανής πολυκατοικίας 
«Μαμα, τι κάνετε? Δεν θα ανέβω,…"
456,tilevoasartas,"- 51 θετικά #κρούσματα στο #στρατόπεδο Περάματος στα #Γιάννενα από την Παρασκευή, σε #καραντίνα άλλα 42 άτομα
- Πέν… https://t.co/jPjvkut8Xa"
457,stoKomma,"Έχουμε Εθνικη Σχολή Διοίκησης Δημόσιας Υγείας.

Γιατι στον πουτσο δεν βάλαμε προεδρο του Εθνικού Οργανισμού Υγείας… https://t.co/UU8esG6Huk"
458,NStathoulis,"RT @NStathoulis: Αστική Ευγένεια...
Η φορεσιά του πνεύματος είναι ο ευγενικός ενικός της οικειότητας και της εμπιστοσύνης. 
Οι αδύναμοι που…"
459,alekacapital,"RT @FainaRom_parody: Δουλα: Από το Κολωνάκι στην Πάρνηθα, ΜΙΑ #ΚΑΡΑΝΤΙΝΑ ΔΡΟΜΟΣ!
Yolo Κουλη!YOLO!
#κυβερνηση_Μητσοτακη #κυβερνηση_τσιρκο #π…"
460,nikolasbe1,"RT @FainaRom_parody: Δουλα: Από το Κολωνάκι στην Πάρνηθα, ΜΙΑ #ΚΑΡΑΝΤΙΝΑ ΔΡΟΜΟΣ!
Yolo Κουλη!YOLO!
#κυβερνηση_Μητσοτακη #κυβερνηση_τσιρκο #π…"
461,GiannesT1,"RT @FainaRom_parody: Δουλα: Από το Κολωνάκι στην Πάρνηθα, ΜΙΑ #ΚΑΡΑΝΤΙΝΑ ΔΡΟΜΟΣ!
Yolo Κουλη!YOLO!
#κυβερνηση_Μητσοτακη #κυβερνηση_τσιρκο #π…"
462,SarantidisE,RT @HellasKallia: Μα για πλουτίσουν κ άλλο οι φαρμακοβιομηχανίες και όχι μόνο;;  #ΝΔ_θελατε #κυβερνηση_Μητσοτακη #Μητσοτακης #καραντινα #lo…
463,faymple,#lockdown2gr #covid19 #Greece Περιμένοντας τα Χριστούγεννα #xmas https://t.co/bj70ERsQrH #covidGR #κοροναιος… https://t.co/6JhSfWgjPb
464,edwardspanties,"ρε φιλε, δεν με νοιαζει ποσες ωρες  #podcast θα κανεις επειδη νομιζεις οτι εισαι ο πρωταγωνιστης στην ταινια που ει… https://t.co/Sse6LaQ5vo"
465,MelidonisM,"Άμικτοι παράδεισοι, που η μίξη είν' εφάμαρτη
αφιερωμένο σε όσους γεννήθηκαν σε καραντίνες https://t.co/KL4nHSvsOt… https://t.co/mYe3RUfgrG"
466,italianoVeroGR,"#italianoVeroGR #Ιταλικά 🇮🇹

Κάντε μια ευχή!

#Ιταλία #Ρώμη #Μιλάνο #Βενετία #Γένοβα #Νάπολι #Φλωρεντία #Ελλάδα… https://t.co/q0ehAtfbPp"
467,libo_libo,"RT @fiat4x4_gr: Εγώ δε θέλω μεροκάματο.
Θέλω χιλιάρα μηχανή και θάνατο...
#μαρεβα #Μητσοτακης #Παρνηθα #κορωνοιος #καραντινα #lockdowngr2 #…"
468,Aristeidis_B,"RT @kidon_W: Στο μεταξύ, η ώρα είναι 18.30 και έχω την αίσθηση πως είχε παει 22.00 το λιγότερο. 
Ωραια θα περάσουμε μέχρι να τελειώσει η κα…"
469,kidon_W,"Στο μεταξύ, η ώρα είναι 18.30 και έχω την αίσθηση πως είχε παει 22.00 το λιγότερο. 
Ωραια θα περάσουμε μέχρι να τελ… https://t.co/dLN3DGhRBm"
470,humo_ristas,"Μετά τη βόλτα του Κυριάκου στη Πάρνηθα χωρίς μάσκα, τώρα θα τη φοράνε και στην τουαλέτα

#κικιλιας #κορωνοιος… https://t.co/KOrVMZn449"
471,fiat4x4_gr,"Εγώ δε θέλω μεροκάματο.
Θέλω χιλιάρα μηχανή και θάνατο...
#μαρεβα #Μητσοτακης #Παρνηθα #κορωνοιος #καραντινα… https://t.co/egMsiryLX9"
472,theveganskunk,ΠΑΛΑΙΟ ΦΑΛΗΡΟ - ΚΟΡΥΦΗ ΠΕΝΤΕΛΗΣ ΜΕ ΠΟΔΗΛΑΤΟ I μέρος Γ' https://t.co/tZWZI65j4i via @YouTube #ποδήλατο #καραντίνα… https://t.co/KLQfYcajqP
473,trolamedos,"Ρε σεις,θα απαντήσει κανείς;
Έδωσαν ή πρόκειται να δώσουν βοήθημα στα μικρομάγαζα που έκλεισαν λόγω καραντίνας ή μό… https://t.co/a3UbTId5zo"
474,kalamarisote,Καλή καθαρά Δευτέρα.... #κρουσματα #καραντινα #lockdown2gr #lockdown #Lockdown2 #κορονοιος
475,happycityblog,"Έχω να δω ειδήσεις πριν το #lockdown2gr  
Προτιμώ να τις διαβάζω. #καραντινα"
476,GiannesT1,"RT @giannischa1951: ΓΡΑΦΕΙΟ ΤΥΠΟΥ ΤΗΣ ΚΕ ΤΟΥ #ΚΚΕ
Η κυβέρνηση αξιοποιεί τα σενάρια
για την άρση του #lockdown  προκειμένου να κρύψει
την αν…"
477,fifinaki,"Χαρά που κόλλησε ο Πατούλης ο Ευαγγελάτος σε τρελά κέφια.  Aλλα αφου ο #κορονοϊος ""χτυπάει"" τους επώνυμους γιατί βγ… https://t.co/9BzwjKHQK3"
478,DoraCha1955,"RT @giannischa1951: ΓΡΑΦΕΙΟ ΤΥΠΟΥ ΤΗΣ ΚΕ ΤΟΥ #ΚΚΕ
Η κυβέρνηση αξιοποιεί τα σενάρια
για την άρση του #lockdown  προκειμένου να κρύψει
την αν…"
479,CableChica,Ωραία η τηλεργασία ε?! Πηγαίναμε στη δουλειά και ζεσταινόταν και λίγο το κοκαλάκι μας Τώρα δουλεύουμε με τις κουβέρ… https://t.co/TsXRvbZRoH
480,CableChica,Και τέλος πάντων δεν φταίω εγώ που σε παίρνω τηλέφωνο την ώρα που μιλάει ο χαρδαλιάς ο Μητσοτάκης ο τσιόδρας και όλ… https://t.co/9zgWQtzLLj
481,trooperas,"Πρέπει να το διαβάσεις: 
Ευρωπαϊκή διάκριση της Κομοτηνής για την προσβασιμότητα | https://t.co/sNDKQKLVhi |… https://t.co/t14oGfI1uU"
482,karakad69,#κυβερνηση_τσιρκο #Μητσοτακης #ΝΔ #coronavirus #lockdown #καραντινα #COVIDー19 https://t.co/0NkLTkXOWk
483,akisFireman,"RT @akisFireman: Ποια Χριστουγεννα;; Τσικνοπεμπτη και Πασχα θα κανουμε ωρε?
#καραντινα #κορωνοιος #lockdown2gr https://t.co/RSmKVkjMzO"
484,Thanasakis_,"Θα πω του κομμωτή αντί για καφέ να βγάζει κανα ουισκάκι με φιστίκια, με λίγη καλή διάθεση θα την περάσουμε την καρα… https://t.co/MjUATbydsU"
485,karakad69,RT @HellasKallia: Μα για πλουτίσουν κ άλλο οι φαρμακοβιομηχανίες και όχι μόνο;;  #ΝΔ_θελατε #κυβερνηση_Μητσοτακη #Μητσοτακης #καραντινα #lo…
486,v_photowed,RT @HellasKallia: Μα για πλουτίσουν κ άλλο οι φαρμακοβιομηχανίες και όχι μόνο;;  #ΝΔ_θελατε #κυβερνηση_Μητσοτακη #Μητσοτακης #καραντινα #lo…
487,HellasKallia,Μα για πλουτίσουν κ άλλο οι φαρμακοβιομηχανίες και όχι μόνο;;  #ΝΔ_θελατε #κυβερνηση_Μητσοτακη #Μητσοτακης… https://t.co/7pyQQ3b9mc
488,kostisbitsios,#τατοι #Παρνηθα #μασκα #κρουσματα Το καταλάβατε ηλίθιοι; #θρασος #μωυσης #κορωνοιος #καραντινα # https://t.co/sK1BXubPAt
489,infonews24_,"Καμία δήλωση από τη Μητρόπολη Σερρών για το «σπάσιμο» της καραντίνας στην εκκλησία Αγ. Αντωνίου
#μητρόποληΣερρών… https://t.co/TWIveTH5HH"
490,VoyagerStII,#αμβροσιος #αμερικανικες_εκλογες #Αμμοχωστος #ανοχη_τελος #απαγορευση_κυκλοφοριας #Βαρωσια #Βουλη #βερβεσος #βιεννη… https://t.co/odwlsCBsBE
491,ERT3Social,"Τριανταπεντάχρονος που είχε διαγνωσθεί θετικός στον κορονοϊό, παραβίασε την υποχρεωτική καραντίνα και συνελήφθη ύστ… https://t.co/O4Wnl53QZN"
492,VoyagerStII,#Θεσσαλονικη #Ιερωνυμος #ισλαμ #Ιωαννινα #καραντινα #κορονοιος #ΚΟΣΜΟΣ #κουλης #κυβερνηση #κυβερνηση_Μητσοτακη… https://t.co/AAE0YlDkbZ
493,ESCUELA_ELGRECO,"#ESCUEΛA #ΙΣΠΑΝΙΚΑ

👁 https://t.co/xsxjfeKL6r

#Δεκέμβριος #Έκπτωση #Προσφορά #Δωρεάν #Ελλάδα #Κύπρος #Αθήνα… https://t.co/F85zsfPa1I"
494,vimapress,Κορωνοϊός: Σε καραντίνα 27 υγειονομικοί στο Πανεπιστημιακό Νοσοκομείο Ιωαννίνων - vimapress - #Ελλάδα #καραντίνα - https://t.co/O42zv6S4ck
495,Isidora_t99,"Καραντίνα ημέρα: έχω ξεχάσει να μετράω,έχω πάρει δύο κιλά σήμερα, και τα έχω χάσει επίσης σήμερα #καραντινα"
496,PanosM_GR,True! #lockdown2gr #Lockdown2 #καραντινα https://t.co/xI2LwPzdXK
497,MariaAnt1,"Αγαπητοί #καλικαντζαροι σας αγαπώ πολύ!
#καραντινα #κορονοϊος #λοκνταουν"
498,PPrintzios,παρτε ολοι τα αυτοκίνητα και πατε για άθληση οπου γουστάρετε μαγκες #κυβερνηση_τσιρκο #μμε_ξεφτιλες #καραντινα… https://t.co/G43LrGjcft
499,skaigr,Γαλλία: Τυχαίοι έλεγχοι στα σύνορα για να αποτρέπονται οι πολίτες να πάνε για σκι στο εξωτερικό  #Κόσμος #Γαλλία… https://t.co/g762WxpiVu
500,italianoVeroGR,"#italianoVeroGR #Ιταλικά 🇮🇹

#Ιταλία
#Εργασία #Δουλειά #ΑΣΕΠ #Σπουδές #Ορολογία #Εμπόριο #Χριστούγεννα #Πρωτοχρονιά… https://t.co/pGQDDHavYi"
501,YouliBez,Κι από στόχους να τελειώσει η ρημαδα η #καραντινα .
502,Papnikias,"RT @giannischa1951: ΓΡΑΦΕΙΟ ΤΥΠΟΥ ΤΗΣ ΚΕ ΤΟΥ #ΚΚΕ
Η κυβέρνηση αξιοποιεί τα σενάρια
για την άρση του #lockdown  προκειμένου να κρύψει
την αν…"
503,newsbombgr,Κορονοϊός: Το φαινόμενο της «ολικής αφασίας» εν μέσω lockdown - Γράφει ο @ktsitounas #κορονοϊος #καραντινα… https://t.co/OTTeRSy30G
504,ktsitounas,Το φαινόμενο της «ολικής αφασίας» εν μέσω lockdown #καραντινα #κορονοϊος #lockdown  https://t.co/iMzUXuDruL
505,PenelopeD10,"RT @PenelopeD10: Ο #ΜΗΤΣΟΤΆΚΗΣ ΓΝΩΡΙΖΕ ΤΑ ΠΑΝΤΑ για τα λάθη στα δεδομένα του #COVID19gr
(από ""Δημοκρατία"")
#lockdown2gr #καραντινα #ΝΔ_ΑΠΑΤ…"
506,italianoVeroGR,"#italianoVeroGR #Ιταλικά 🇮🇹

#Μιλάνο #Ιταλία #Μάθημα #Ταξίδι #Εκδρομή #Μαθήματα #Σπουδές #Εργασία #Δουλειά #ΑΣΕΠ… https://t.co/57qvuGWl4r"
507,lianalk3,"RT @giannischa1951: ΓΡΑΦΕΙΟ ΤΥΠΟΥ ΤΗΣ ΚΕ ΤΟΥ #ΚΚΕ
Η κυβέρνηση αξιοποιεί τα σενάρια
για την άρση του #lockdown  προκειμένου να κρύψει
την αν…"
508,giannischa1951,"ΓΡΑΦΕΙΟ ΤΥΠΟΥ ΤΗΣ ΚΕ ΤΟΥ #ΚΚΕ
Η κυβέρνηση αξιοποιεί τα σενάρια
για την άρση του #lockdown  προκειμένου να κρύψει
τη… https://t.co/ImmhJbBcUt"
509,trufon2,"RT @FainaRom_parody: Δουλα: Από το Κολωνάκι στην Πάρνηθα, ΜΙΑ #ΚΑΡΑΝΤΙΝΑ ΔΡΟΜΟΣ!
Yolo Κουλη!YOLO!
#κυβερνηση_Μητσοτακη #κυβερνηση_τσιρκο #π…"
510,PenelopeD10,"Ο #ΜΗΤΣΟΤΆΚΗΣ ΓΝΩΡΙΖΕ ΤΑ ΠΑΝΤΑ για τα λάθη στα δεδομένα του #COVID19gr
(από ""Δημοκρατία"")
#lockdown2gr #καραντινα… https://t.co/fYmYDs8uut"
511,GiannesT1,"#καραντινα
ΕΚΑΒ: Απλήρωτοι επί δύο μήνες οι εργαζόμενοι που προσλήφθηκαν εν μέσω πανδημίας https://t.co/yusIg0Je6V"
512,trooperas,"Μάλιστα...:
Η Google τιμά τις διακοπές Δεκεμβρίου παρά τον κορονοϊό | https://t.co/uyNrcPXtV0 | #covid19… https://t.co/WDzkamR1It"
513,akounitos,"...δείτε και αυτό και μετά κανετε σύγκριση😎

RT
#ΙΟΣ #mystylerocksgr #MasterChef #Gntm #Εβρος #Ρεις #μεταναστες… https://t.co/aIbw0vCp3h"
514,ComMotis,"Οποια θέλει σεξτινγκ, σήμερα μπορώ !!!
#καραντινα"
515,akounitos,"Δειτε και αυτό.....

RT
#ΙΟΣ #mystylerocksgr #MasterChef #Gntm #Εβρος #Ρεις #μεταναστες #ΑΟΖ #καραντίνα #theVoice https://t.co/5V9zGTbZrX"
516,akounitos,"Έτσι προστάζει η κυβέρνηση......

RT
#ΙΟΣ #mystylerocksgr #MasterChef #Gntm #Εβρος #Ρεις #μεταναστες #ΑΟΖ… https://t.co/TLpHOBwnfz"
517,akounitos,"#Κυβέρνηση
Στην γιορτή του Αγ. Ανδρέα της Πάτρας,οι αστυνομικοί δεν άφησαν τους πιστούς να πλησιάσουν (😡) στον ναό.… https://t.co/dOnW3orNl1"
518,akounitos,"Η Ε.Ε. προ-παραγγειλε 300εκ μονάδες #εμβολίου, ΧΩΡΙς ΝΑ ΕΧΕΙ ΠΑΡΕΙ ΕΓΓΚΡΙΣΗ ΑΠΟ ΗΠΑ ΚΑΙ ΤΗΝ ΙΔΙΑ!
καλό 😂😂😂😂?

👽Κάτι… https://t.co/XwWBOQIabr"
519,vimapress,"Lockdown: Περιμένοντας τις ανακοινώσεις Μητσοτάκη -Γρίφος η εστίαση, μετά τις γιορτές τα σχολεία - vimapress -… https://t.co/WT1YWLRrNM"
520,trooperas,"Ίσως σε ενδιαφέρει: 
ΗΠΑ: Οι περισσότερες πολιτείες θα εμβολιάσουν τους υγειονομικούς μέσα σε 3 εβδομάδες |… https://t.co/b0cbzCtNt2"
521,vassiliskalt,Ήρθε ο κουνιάδος μου με τη Σκοπιανή γυναίκα του. Μου εξήγησαν για το εμβόλιο του κορονοϊού που έχει μέσα αυγά ψαριώ… https://t.co/kmB1pll14H
522,italianoVeroGR,"#italianoVeroGR #Ιταλικά 🇮🇹

#Ιταλία
#Εργασία #ΑΣΕΠ #Σπουδές #Πολιτισμός #Θέατρο #Λογοτεχνία #Ποίηση #Μουσείο… https://t.co/Yk9ar0sTmb"
523,trooperas,"Ας διαβάσουμε και κάτι διαφορετιό:
Αυτοί που κοιτούν: Ακούστε δωρεάν το audio έργο του Βασίλη Μαυρογεωργίου |… https://t.co/Yi8u0WKUkO"
524,BitchY_FrenchY,"Για πείτε μου ρε παιδιά. Αν στείλω sms για άσκηση, κ πάρω παιδί μαζί με ποδήλατο, μάσκα πρέπει να φοράμε; Δλδ στην… https://t.co/C6ZquM2s2W"
525,Monterey82,RT @johndk7: Ο #Τράμπ αφήνει να εννοηθεί ότι το δεύτερο κύμα του κορωνοϊού είναι...AΠATΗ!!! / #COVID #κορωνοϊός #καραντίνα #lockdown #ΗΠΑ #…
526,_albi,Ήθελα απλά να τον πάρω απ τον σβέρκο και να τον βάλω από πίσω.. μόνο εμένα μου ακούστηκε καπως αυτό...; 😇… https://t.co/7rfda6NbX6
527,GreekNewsGuy,Ο #Τράμπ αφήνει να εννοηθεί ότι το δεύτερο κύμα του κορωνοϊού είναι...AΠATΗ!!! / #COVID #κορωνοϊός #καραντίνα… https://t.co/dQYdt4MGnT
528,johndk7,Ο #Τράμπ αφήνει να εννοηθεί ότι το δεύτερο κύμα του κορωνοϊού είναι...AΠATΗ!!! / #COVID #κορωνοϊός #καραντίνα… https://t.co/TIC3HwBz4C
529,giakari64,"RT @SineQuaNon2015: Μετά τις αποκαλύψεις των γιατρών,του Σωματείου Εργαζομένων &amp; του εντατικολόγου, π επιβεβαίωσαν την τραγικά απελπιστική…"
530,trooperas,"Πρέπει να το διαβάσεις: 
Εμβόλιο κορονοϊού: Η τεχνητή νοημοσύνη έλυσε βιολογικό μυστήριο δεκαετιών |… https://t.co/8l68LMwJjJ"
531,SineQuaNon2015,"Μετά τις αποκαλύψεις των γιατρών,του Σωματείου Εργαζομένων &amp; του εντατικολόγου, π επιβεβαίωσαν την τραγικά απελπιστ… https://t.co/XdosZh24q2"
532,NickKav1,Evangelist trying to destroy #Covid_19 #COVIDIOTS #covid_19GR #καραντινα https://t.co/wowls5yCMu
533,WThemirror,Tην επόμενη βδομάδα στη Πάρνηθα θα έχει και κόντρες... #μητσοτακης #πανανδρεου #παρνηθα #κορονοιος #κορονοϊός… https://t.co/eXbLX4yrJU
534,KyriakouMakis,"Ο Κώστας Τσάκωνας τα λέει ""έξω από τα δόντια"".
Συνέντευξη στον Θόδωρο Μαραγκό. Ιούλιος 2013.
#κρουσματα #ΝΔξεφτιλες… https://t.co/f74ZdDtyQi"
535,To_beoglou,"RT @FainaRom_parody: Δουλα: Από το Κολωνάκι στην Πάρνηθα, ΜΙΑ #ΚΑΡΑΝΤΙΝΑ ΔΡΟΜΟΣ!
Yolo Κουλη!YOLO!
#κυβερνηση_Μητσοτακη #κυβερνηση_τσιρκο #π…"
536,NIptamenos,"Χαλαρό #Lockdown2, αργη πτώση, γεμάτες λαϊκές, σουπερμάρκετ κλπ, δύσκολη η τήρηση μέτρων σε εταιρείες, επιχειρησεις… https://t.co/mMj1sqozZG"
537,chalitroz,"Με μουφα μέτρα αποτελέσματα δεν έρχονται! 
#καραντινα"
538,giorgodiam,"RT @rbooks_gr: 🎁✨Καλό Μήνα αγαπημένοι μου r-readers!! ✨🎁
Σήμερα έχουμε ΧΡΙΣΤΟΥΓΕΝΝΙΑΤΙΚΟ ΔΙΑΓΩΝΙΣΜΟ, καθώς πλησιάζουν τα Χριστούγεννα!!
❄️Μ…"
539,thmiemmanouil,"RT @GTrapeziotis: Τί να τις κάνεις τις Μονάδες Εντατικής Θεραπείας, όταν έχεις Μονάδες Εντατικής Προπαγάνδας; #διαγγελμα_Μητσοτακη #καραντι…"
540,GreekNewsGuy,Η ΠΑΘΟΛΟΓΟΣ #ΕΥΗ_ΚΙΑΓΙΑ ΜΙΛΑΕΙ ΓΙΑ ΤΗΝ AΠATΗ ΤΟΥ ΚΟΡΩΝΟΙΟΥ (29-11-2020) / #lockdown #καραντίνα #κορωνοϊός #ΜΑΣΚΕΣ… https://t.co/KZIKsaQRyD
541,johndk7,Η ΠΑΘΟΛΟΓΟΣ #ΕΥΗ_ΚΙΑΓΙΑ ΜΙΛΑΕΙ ΓΙΑ ΤΗΝ AΠATΗ ΤΟΥ ΚΟΡΩΝΟΙΟΥ (29-11-2020) / #lockdown #καραντίνα #κορωνοϊός #ΜΑΣΚΕΣ… https://t.co/03R3iCNhwP
542,akounitos,"#Πολλ
Επί 50χρ (2 γενιές),μας ορίζουν οι γνωστοί φύλαρχοι:
Καραμανλής,Παπανδρέου,Μητσοτάκης
Τους ψήφισαν ΌΛΟΙ,άρα ν… https://t.co/tJWEC9T9Be"
543,ChatzisDim1981,Τόσο πετυχημένο είναι το «lockdown» στην Αθήνα που γίνονται καραμπόλες... άντε και σε κυκλοφοριακο δελτιο. Τουλάχισ… https://t.co/qydTBCsFSA
544,theveganskunk,ΚΑΡΥΤΑΙΝΑ   ΤΙ ΘΑ ΕΒΛΕΠΕΣ ΑΝ ΜΠΟΡΟΥΣΕΣ ΝΑ ΠΕΤΑΞΕΙΣ https://t.co/QTWzwd4NZd via @YouTube #photography #drone #drones… https://t.co/Tp6uhjjoUz
545,Moonshine427,ΚΑΡΥΤΑΙΝΑ   ΤΙ ΘΑ ΕΒΛΕΠΕΣ ΑΝ ΜΠΟΡΟΥΣΕΣ ΝΑ ΠΕΤΑΞΕΙΣ https://t.co/06dOfTsjGM via @YouTube #photography #drone #drones… https://t.co/M4Zj9Qjl8u
546,theveganskunk,ΠΑΛΑΙΟ ΦΑΛΗΡΟ - ΚΟΡΥΦΗ ΠΕΝΤΕΛΗΣ ΜΕ ΠΟΔΗΛΑΤΟ I μέρος Γ' https://t.co/tZWZI65j4i via @YouTube #ποδήλατο #καραντίνα… https://t.co/AroOZc2PLO
547,Moonshine427,ΠΑΛΑΙΟ ΦΑΛΗΡΟ - ΚΟΡΥΦΗ ΠΕΝΤΕΛΗΣ ΜΕ ΠΟΔΗΛΑΤΟ I μέρος Γ' https://t.co/uKRUQWK1SM via @YouTube #ποδήλατο #καραντίνα… https://t.co/JFcc9sYATU
548,NIptamenos,Αν είναι δυνατόν... Εδω ο κόσμος βρίσκεται σε κατάσταση απελπιστικη και κάποιοι κάνουν φάρσες... #Lockdown2… https://t.co/JPZKGkUtpm
549,GrIoannitsa,"RT @tititsa13: Για λαό που βιώνει 2η #καραντίνα το ίδιο έτος ,πολύ θετικούς τους βρίσκω στο fb που το έχουν γεμίσει #γούρια για το #2021"
550,tititsa13,"Για λαό που βιώνει 2η #καραντίνα το ίδιο έτος ,πολύ θετικούς τους βρίσκω στο fb που το έχουν γεμίσει #γούρια για το #2021"
551,skaigr,Η Άν Χάθαγουεϊ και ο «γολγοθάς» του πλυντηρίου στα χρόνια του κορωνοϊού  #Ψυχαγωγία #Χαθαγουέι #κορωνοϊός… https://t.co/zjJcwWujPt
552,Calda88847193,"RT @GTrapeziotis: Τί να τις κάνεις τις Μονάδες Εντατικής Θεραπείας, όταν έχεις Μονάδες Εντατικής Προπαγάνδας; #διαγγελμα_Μητσοτακη #καραντι…"
553,EntropySpawn,Alt-righters in Greece heavily offended by everyday leftists criticizing @PrimeministerGR for going cycling AND tak… https://t.co/5Q7rDgiP6I
554,Fokara1975,"Και στο κάτω κάτω το είπε ο Πέτσας, το είπαν και στον ΣΚΑΪ. Ο Πρωθυπουργός είναι ανθρώπινος (το ζεύγος είναι ανθρώπ… https://t.co/at0pXvXIzI"
555,rbooks_gr,"🎁✨Καλό Μήνα αγαπημένοι μου r-readers!! ✨🎁
Σήμερα έχουμε ΧΡΙΣΤΟΥΓΕΝΝΙΑΤΙΚΟ ΔΙΑΓΩΝΙΣΜΟ, καθώς πλησιάζουν τα Χριστούγε… https://t.co/UDKo1ZYRPN"
556,greenbl00ded,RT @Kouti_Pandoras: Τις τελευταίες ώρες κάνει τον γύρο του κόσμου μία εικόνα που σκιαγραφεί την εργασία και τη ζωή κατά τη διάρκεια της καρ…
557,Kouti_Pandoras,Τις τελευταίες ώρες κάνει τον γύρο του κόσμου μία εικόνα που σκιαγραφεί την εργασία και τη ζωή κατά τη διάρκεια της… https://t.co/x0EqyRVFPn
558,hotdoc_mag,Τις τελευταίες ώρες κάνει τον γύρο του κόσμου μία εικόνα που σκιαγραφεί την εργασία και τη ζωή κατά τη διάρκεια της… https://t.co/ESWjYUf6Tg
559,AlexChalkiotis,"RT @FainaRom_parody: Δουλα: Από το Κολωνάκι στην Πάρνηθα, ΜΙΑ #ΚΑΡΑΝΤΙΝΑ ΔΡΟΜΟΣ!
Yolo Κουλη!YOLO!
#κυβερνηση_Μητσοτακη #κυβερνηση_τσιρκο #π…"
560,GiannesT1,"#ΝΔ_ξεφτιλες
#ΝΔ_Χουντα
#ΝΔ_ΑΠΑΤΕΩΝΕΣ
#ΝΔεγκληματιες
#ΝΔδολοφονοι
#καραντινα2
#καραντινα
#κορωνοιος
#κορονοιος… https://t.co/v0Y8rcjfpX"
561,ChristodGeo,"RT @FainaRom_parody: Δουλα: Από το Κολωνάκι στην Πάρνηθα, ΜΙΑ #ΚΑΡΑΝΤΙΝΑ ΔΡΟΜΟΣ!
Yolo Κουλη!YOLO!
#κυβερνηση_Μητσοτακη #κυβερνηση_τσιρκο #π…"
562,JerSpiderman,"RT @FainaRom_parody: Δουλα: Από το Κολωνάκι στην Πάρνηθα, ΜΙΑ #ΚΑΡΑΝΤΙΝΑ ΔΡΟΜΟΣ!
Yolo Κουλη!YOLO!
#κυβερνηση_Μητσοτακη #κυβερνηση_τσιρκο #π…"
563,kostaspampalis,"RT @FainaRom_parody: Δουλα: Από το Κολωνάκι στην Πάρνηθα, ΜΙΑ #ΚΑΡΑΝΤΙΝΑ ΔΡΟΜΟΣ!
Yolo Κουλη!YOLO!
#κυβερνηση_Μητσοτακη #κυβερνηση_τσιρκο #π…"
564,ThemisMaglis,RT @documentonews: Το ανθρώπινο πρόσωπο δεν φαίνεται όταν σκέφτεσαι μόνο την πάρτη σου και την καλοπέρασή σου! #Μητσοτακης #κυβερνηση_Μητσο…
565,Venetia701,"RT @FainaRom_parody: Δουλα: Από το Κολωνάκι στην Πάρνηθα, ΜΙΑ #ΚΑΡΑΝΤΙΝΑ ΔΡΟΜΟΣ!
Yolo Κουλη!YOLO!
#κυβερνηση_Μητσοτακη #κυβερνηση_τσιρκο #π…"
566,atoni_lida,"RT @FainaRom_parody: Δουλα: Από το Κολωνάκι στην Πάρνηθα, ΜΙΑ #ΚΑΡΑΝΤΙΝΑ ΔΡΟΜΟΣ!
Yolo Κουλη!YOLO!
#κυβερνηση_Μητσοτακη #κυβερνηση_τσιρκο #π…"
567,FainaRom_parody,"Δουλα: Από το Κολωνάκι στην Πάρνηθα, ΜΙΑ #ΚΑΡΑΝΤΙΝΑ ΔΡΟΜΟΣ!
Yolo Κουλη!YOLO!
#κυβερνηση_Μητσοτακη #κυβερνηση_τσιρκο… https://t.co/J7b7WNHny3"
568,pappa_rous,Πιστεύεις στον κορωνοιο; #κορωνοιος #coronavirus #COVID19gr #καραντινα #lockdown2gr
569,GiannesT1,"#καραντινα
Η Ιταλία ξαναζητά τη βοήθεια της Κούβας για να αντιμετωπίσει το δεύτερο κύμα της πανδημίας https://t.co/1hXslp6kLF"
570,GiannesT1,"#Καραντινα
Η Ιταλία ξαναζητά τη βοήθεια της Κούβας για να αντιμετωπίσει το δεύτερο κύμα της πανδημίας https://t.co/1hXslp6kLF"
571,akounitos,"@Eleni86825997 @LockPetit #ΙΟΣ 
...""δική μου είναι η ζωή μου και κάνω ότι θέλω""..( λέει ο στίχος)

💀🦇 Αμ Δε !!!! 💀🦇… https://t.co/tzJzJjGMVo"
572,documentonews,Το ανθρώπινο πρόσωπο δεν φαίνεται όταν σκέφτεσαι μόνο την πάρτη σου και την καλοπέρασή σου! #Μητσοτακης… https://t.co/dzhKP6zGsT
573,italianoVeroGR,"#italianoVeroGR #Ιταλικά 🇮🇹

#Προχύτα #Προσίντα #Προτσίντα

#Ιταλία #Ελλάδα #Πρωτοχρονιά #Αθήνα #Πειραιάς… https://t.co/0Ph517JGdN"
574,ZonepressGr,Αναμονή στην κυβέρνηση για τα νεότερα στοιχεία και τις εκτιμήσεις των εκπαιδευτικών. “Ο δρόμος ίσως είναι αργός αλλ… https://t.co/UDClMHLaov
575,municapelo,"RT @SineQuaNon2015: Δώσε γκάζι 
#Μητσοτακη_καθαρμα #καραντινα 
#κυβερνηση_Μητσοτακη 
#κρουσματα 
#ΕΟΔΥ"
576,SineQuaNon2015,"Δώσε γκάζι 
#Μητσοτακη_καθαρμα #καραντινα 
#κυβερνηση_Μητσοτακη 
#κρουσματα 
#ΕΟΔΥ https://t.co/uH6TH6liuC"
577,EmOikonomidis,"Άννα Κανδαράκη: Το πώς στεκόμαστε απέναντι στη δυσκολία, μας καθορίζει https://t.co/aomXnYsmHf #Ysterografa… https://t.co/be0dzPawK9"
578,ysterografa,"Άννα Κανδαράκη: Το πώς στεκόμαστε απέναντι στη δυσκολία, μας καθορίζει https://t.co/jdDW3BnknC #Ysterografa… https://t.co/p7BdixclAo"
579,GreekNewsGuy,Άρθρο από το 2015: Η ισπανική γρίπη του 1918 προκλήθηκε από…εμβολιασμούς και ΟΧΙ από τη δήθεν «γρίπη». ΠΑΕΙ ο ΚΩΛΟν… https://t.co/voo3P0OdlY
580,johndk7,Άρθρο από το 2015: Η ισπανική γρίπη του 1918 προκλήθηκε από…εμβολιασμούς και ΟΧΙ από τη δήθεν «γρίπη». ΠΑΕΙ ο ΚΩΛΟν… https://t.co/2UoktSVqCh
